,0,1,2,3,4,5,6,7,8,9,10,11,12,13,14,15,16,17,18,19,20,21,22,23,24,25,26,27,28,29,30,31,32,33,34,35,36,37,38,39,40,41,42,43,44,45,46,47,48,49,50,51,52,53,54,55,56,57,58,59,60,61,62,63,64,65,66,67,68,69,70,71,72,73,74,75,76,77,78,79,80,81,82,83,84,85,86,87,88,89,90,91,92,93,94,95,96,97,98,99,100,101,102,103,104,105,106,107,108,109,110,111,112,113,114,115,116,117,118,119,120,121,122,123,124,125,126,127,128,129,130,131,132,133,134,135,136,137,138,139,140,141,142,143,144,145,146,147,148,149,150,151,152,153,154,155,156,157,158,159,160,161,162,163,164,165,166,167,168,169,170,171,172,173,174,175,176,177,178,179,180,181,182,183,184,185,186,187,188,189,190,191,192,193,194,195,196,197,198,199,200,201,202,203,204,205,206,207,208,209,210,211,212,213,214,215,216,217,218,219,220,221,222,223,224,225,226,227,228,229,230,231,232,233,234,235,236,237,238,239,240
R1,ASIACCS06-p358-nakae,AVI04-p171-goren-bar,AVI08-p31-brandl,AVI08-p154-brandl,AVI08-p388-echtler,AVI08-p466-bredies,BCSHCI08-p31-Cuypers,CC09-p211-phalip,CHASE08-p53-frisch,CHI01-p221-tang,CHI01-p514-greenberg,CHI02-p331-snowden,CHI03-p49-huang,CHI03-p57-rodden,CHI04-p279-huang,CHI05-p551-yee,CHI06-p309-wigdor,CHI06-p631-west,CHI06-p1313-bos,CHI07-p219-tang,CHI07-p647-forlines,CHI07-p1361-bentley,CHI07-p1405-andreasen,CHI07-p1415-lindgaard,CHI08-p553-larsen,CHI08-p743-luk,CHI08-p753-derenzi,CHI08-p1275-moscovich,CHI09-p41-thorlacius,CHI09-p1063-wang,CHI09-p1713-kientz,CHI09-p1761-frohlich,CHI09-p2041-tang,CHI09-p2061-zhou,CHI10-p733-patel,CHI10-p743-kumar,CHI10-p753-smyth,CHI10-p907-piper,CHI10-p1059-smyth,CHI10-p1301-bardzell,CHI10-p1593-bidwell,CHI10-p1767-zhou,CHI10-p1777-scupelli,CHI10-p1787-chen,CHI10-p1879-wilcox,CHI10-p1899-sarcevic,CHI10-p2123-wilcox,CHI10-p2327-farooq,CHI10-p2583-sambasivan,CHI10-p2593-wyche,CHI10-p2603-gitau,CSCW02-p176-bossen,CSCW02-p314-cadiz,CSCW02-p344-reddy,CSCW04-p29-tollinger,CSCW04-p49-brignull,CSCW04-p125-randell,CSCW04-p132-tjora,CSCW04-p142-hardstone,CSCW04-p192-bardram,CSCW04-p242-morris,CSCW06-p21-terrell,CSCW06-p25-wilson,CSCW06-p59-munkvold,CSCW06-p69-bossen,CSCW06-p79-palen,CSCW06-p109-bardram,CSCW06-p209-kientz,CSCW06-p249-nomura,CSCW06-p493-rolland,CSCW08-p147-piper,CSCW08-p205-tang,CSCW08-p215-sarcevic,CSCW08-p225-abraham,CSCW08-p515-balka,CSCW10-p91-takayama,CSCW10-p311-mentis,CSCW10-p321-paul,CSCW10-p331-bardram,DIS02-p303-fass,DIS06-p209-norgaard,DIS08-p40-pedersen,ECCE09-a35-boos,GROUP01-p81-carstensen,GROUP03-p190-zacklad,GROUP05-p158-cabitza,GROUP05-p168-bardram,GROUP05-p294-bardram,GROUP07-p21-munkvold,GROUP07-p41-cabitza,GROUP07-p89-romero,GROUP07-p399-harr,GROUP09-p229-jiang,GROUP09-p301-sarcevic,GROUP09-p321-granlien,HT04-p1-engelbart,ICMI-MLMI09-p245-dierker,IUI09-p325-carenini,MM06-p997-ebadollahi,MobileHCI07-p222-maunder,NordiCHI02-p71-law,NordiCHI04-p3-hornbaek,NordiCHI08-p23-bak,NordiCHI08-p43-bjorneseth,NordiCHI10-p62-block,OZCHI09-p369-kjeldskov,OZCHI10-p418-redhead,PDC06-p95-bossen,PETRA08-a82-giannakakis,SAC03-p268-lanzenberger,SAC06-p204-mcloughlin,SAC07-p163-sa,SAC08-p1343-correia,SAICSIT07-p132-ssemugabi,SAICSIT09-p122-de_kock,SEHC09-05069607,SIGDOC06-p172-stock,SIGDOC07-p42-kehoe,SIGDOC07-p249-hollingsed,SIGDOC09-p97-novick,SIGDOC09-p143-andrade,TEI09-p25-peek,TEI09-p181-olwal,UbiComp08-p64-patterson,UIST06-p23-gingold,UIST07-p259-hodges,UIST09-p23-wang,,,,,,,,,,,,,,,,,,,,,,,,,,,,,,,,,,,,,,,,,,,,,,,,,,,,,,,,,,,,,,,,,,,,,,,,,,,,,,,,,,,,,,,,,,,,,,,,,,,,,,,,,,,,,,,,,,
R2,ASSETS00-p156-huang,ASSETS00-p164-takagi,ASSETS00-p172-asakawa,ASSETS02-p81-takagi,ASSETS04-p63-harper,ASSETS05-p90-harper,ASSETS06-p55-eichstaedt,ASSETS06-p259-harper,ASSETS06-p181-bigham,ASSETS06-p259-harper,ASSETS06-p301-borodin,ASSETS07-p35-sato,ASSETS07-p51-bigham,ASSETS07-p91-miyashita,ASSETS07-p265-mahmud,ASSETS08-p145-borodin,ASSETS08-p153-kawanaka,ASSETS08-p193-takagi,ASSETS09-p123-vigo,ASSETS09-p195-takagi,ASSETS10-p279-zhu,BCSHCI08-p195-Bouamrane,CHI07-p597-obendorf,CIKM06-p776-xiao,CIKM07-p821,HT01-p33-harper,HT01-p61-miles,HT02-p72-walker,HT03-p95-dave,HT03-p122-bernstein,HT04-p26-kolb,HT04-p68-gibson,HT04-p116-harper,HT04-p215-mancini,HT05-p54-millard,HT05-p135-bry,HT05-p174-schraefel,HT05-p227-moulthrop,HT07-p3-yesilada,HT08-p21-ankolekar,IUI07-p341-mahmud,IUI07-p349-bigham,IUI08-p365-mahmud,IUI09-p177-bigham,JCDL04-p160-dalal,JCDL10-p149_fv,KDD08-p1097-zheng,SAC09-p129-jeschke,SIGCSE07-p55-tungare,SIGDOC06-p51-bolchini,SIGDOC06-p64-harper,SIGDOC08-p1-novick,SIGDOC10-p175-alfonso_de_lara,SIGIR07-p817-doan,SIGIR10-p443,SIGIR10-p587,TEI08-p109-wu,W4A04-p13-petrie,W4A05-p18-parmanto,W4A05-p60-meyer,W4A06-p14-chen,W4A06-p23-iaccarino,W4A06-p98-kouroupetoglou,W4A07-p7-thiessen,W4A07-p25-bigham,W4A07-p128-borodin,W4A08-p50-penev,W4A08-p54-chen,W4A08-p109-reid,W4A08-p116-ferrett,W4A08-p130-borodin,W4A08-p132-bigham,W4A09-p36-aizpurua,W4A09-p58-brown,W4A09-p96-borodin,W4A09-p114-leitner,W4A09-p136-sirithumgul,W4A10-a13-borodin,W4A10-a14-fayzrakhmanov,W4A10-a31-brown,W4A10-a33-thiessen,WWW03-p736-obendorf,WWW05-p353-plessers,WWW07-p31-mahmud,WWW07-p1345-nakahira,WWW08-p11-yesilada,WWW09-p821-hailpern,WWW10-p1087-fayzrahmanov,,,,,,,,,,,,,,,,,,,,,,,,,,,,,,,,,,,,,,,,,,,,,,,,,,,,,,,,,,,,,,,,,,,,,,,,,,,,,,,,,,,,,,,,,,,,,,,,,,,,,,,,,,,,,,,,,,,,,,,,,,,,,,,,,,,,,,,,,,,,,,,,,,,,,,,,,
R3,ACMSE08-p46-johnson,CIKM01-p349-lee,CIKM02-p68-liu,CIKM03-p528-campbell,CIKM04-p228-liu,CIKM05-p315-liu,CIKM06-p387-macdonald,CIKM06-p493-bailey,CIKM07-p341,CIKM07-p731,CIKM07-p881,CIKM08-p489,CIKM08-p921,CIKM08-p1133,CIKM08-p1329,CIKM08-p1421,CIKM08-p1507,DocEng09-p139-boyer,EDBT09-p1076-abiteboul,GROUP05-p71-zhang,GROUP07-p379-shami,HT05-p295-bochicchio,KDD07-p500-mimno,IDEAS08-p159-gire,iiWAS08-p399-kapitsaki,IUI02-p200-lei,MM08-p91-liu,SIGIR04-p498-damore,SIGIR05-p465-he,SIGIR06-p43-balog,SIGIR07-p551-balog,SIGIR07-p821-balog,SIGIR07-p912-obrien,SIGIR07-p916,SIGIR08-p753,SIGIR09-p612,SIGIR09-p656,SIGMOD04-p909-brambilla,SIGMOD05-p443-sawires,SIGMOD07-p1073-larson,STOCH09-p659-gupta,VLDB02-p802-palpanas,VLDB07-p231-zhou,SIGIR07-p551-balog,SIGIR07-p827-serdyukov,SIGIR08-p851,SIGIR10-p683,SIGMOD09-p1091-jiang,WIDM02-p49-wang,WIDM08-p25-zhu,WSDM09-p172-agrawal,WWW06-p845-hope,WWW06-p893-nussbaumer,WWW06-p1035-balog,WWW07-p1149-jansen,WWW07-p1271-li,WWW08-p81-cao,WWW08-p1193-tang,WWW09-p1041-menezes,WWW10-p1207-xing,,,,,,,,,,,,,,,,,,,,,,,,,,,,,,,,,,,,,,,,,,,,,,,,,,,,,,,,,,,,,,,,,,,,,,,,,,,,,,,,,,,,,,,,,,,,,,,,,,,,,,,,,,,,,,,,,,,,,,,,,,,,,,,,,,,,,,,,,,,,,,,,,,,,,,,,,,,,,,,,,,,,,,,,,,,,,,,,,,,,,
R4,ASE07-p184-jiang,ICML08-p784-radlinski,CIKM08-p1469,CIKM09-p1087,ICML06-p1105-zheng,ICML08-p1224-yue,ICML09-p281-doyle,ICML09-p833-putthividhya,ICSE10-p255-arumuga_nainar,ISSTA07-p5-arumuga-nainar,JCDL07-p376-mimno,JCDL10-p215,KCAP09-p197-kroll,KDD09-p289-elarini,KDD10-p1009-mei,SIGIR02-p81-zhang,SIGIR03-p10-zhai,SIGIR05-p504-zhang,SIGIR06-p429-chen,SIGIR08-p659,SIGIR09-p307,SIGSOFT08-p48-jiang,WSDM09-p5-agrawal,WWW08-p1101-cheng,WWW09-p71-li,WWW09-p381-gollapudi,,,,,,,,,,,,,,,,,,,,,,,,,,,,,,,,,,,,,,,,,,,,,,,,,,,,,,,,,,,,,,,,,,,,,,,,,,,,,,,,,,,,,,,,,,,,,,,,,,,,,,,,,,,,,,,,,,,,,,,,,,,,,,,,,,,,,,,,,,,,,,,,,,,,,,,,,,,,,,,,,,,,,,,,,,,,,,,,,,,,,,,,,,,,,,,,,,,,,,,,,,,,,,,,,,,,,,,
R5,ANCS05-p145-shi,ANCS06-p71-piyachon,ANCS06-p81-kumar,ANCS06-p133-kunze,ANCS06-p143-shi,ANCS07-p1-hruby,ANCS07-p17-qi,ANCS07-p27-giacomoni,ANCS07-p57-veal,ANCS07-p67-mallik,ANCS07-p127-mitra,ANCS07-p145-becchi,ANCS08-p10-wun,ANCS08-p30-yang,ANCS08-p50-becchi,ANCS08-p60-guo,ANCS08-p69-wu,ANCS08-p79-verdu,ANCS08-p141-yu,ANCS09-p30-becchi,ANCS09-p50-guo,ANCS09-p199-zhu,ANCS10-a37-labrecque,ASPDAC05-p830-hua,CASES02-p202-melvin,CCS07-p139-gonzalez,CoNEXT06-a36-li,CoNEXT07-a1-becchi,CoNEXT08-a25-becchi,DAC06-p701-yang,DAC07-p493-piyachon,DAC09-p776-hanumaiah,DAC10-p36-kuang,DAC10-p338-liao,DATE09-p946-yeo,FPGA07-p199-weaver,GLSVLSI09-p133-lin,ICS09-p204-wang,ICS09-p214-passas,IMC10-p218-fusco,PLDI05-p237-dai,PPoPP06-p147-scherer,PPoPP07-p13-upadhyaya,PPoPP08-p43-giacomoni,SIGCOMM06-p327-varghese,SIGCOMM10-p279-li,SIGCOMM10-p445-ghobadi,SPAA09-p49-shpeisman,,,,,,,,,,,,,,,,,,,,,,,,,,,,,,,,,,,,,,,,,,,,,,,,,,,,,,,,,,,,,,,,,,,,,,,,,,,,,,,,,,,,,,,,,,,,,,,,,,,,,,,,,,,,,,,,,,,,,,,,,,,,,,,,,,,,,,,,,,,,,,,,,,,,,,,,,,,,,,,,,,,,,,,,,,,,,,,,,,,,,,,,,,,,,,,,,
R6,ASPLOS07-p37-lu,ASPLOS07-p49-xu,ASPLOS07-p229-narayan,ASPLOS08-p329-lu,ASPLOS09-p25-park,ASPLOS09-p73-montesinos,ASPLOS09-p85-devietti,ASPLOS09-p97-olszewski,ASPLOS09-p181-rajaman,ASPLOS10-p53-bergan,ASPLOS10-p77-lee,ASPLOS10-p167-burckhardt,ASPLOS10-p179-zhang,ASPLOS10-p271-vlachos,CGO09-3576a025,CGO10-p141-han,EuroSys10-p307-chew,ESEC09-p3-burnim,ICS03-p285-fang,ICSE10-p245-park,ISCA03-p122-xu,ISCA05-22700284,ISCA06-26080227,ISCA07-p266-wenisch,ISCA07-p278-ceze,ISCA08-3174a265,ISCA09-p233-blundell,ISCA09-p325-yu,ISCA09-p337-muzahid,MICRO10-4299a287,MSPC08-p6-ceze,PLDI05-p1-xu,PLDI07-p22-narayanasamy,PLDI07-p245-elmas,PLDI08-p11-sen,PLDI08-p68-boehm,PLDI09-p121-flanagan,PLDI09-p134-marino,PLDI10-p255-bond,PLDI10-p351-marino,POPL06-p334-vaziri,PPoPP05-p2-sura,PPoPP09-p85-allen,PPoPP09-p173-ratanaworabhan,SIGSOFT08-p135-park,SOSP05-p221-yu,SOSP07-p103-lu,SOSP09-p177-park,SOSP09-p193-altekar,VEE08-p121-dunlap,,,,,,,,,,,,,,,,,,,,,,,,,,,,,,,,,,,,,,,,,,,,,,,,,,,,,,,,,,,,,,,,,,,,,,,,,,,,,,,,,,,,,,,,,,,,,,,,,,,,,,,,,,,,,,,,,,,,,,,,,,,,,,,,,,,,,,,,,,,,,,,,,,,,,,,,,,,,,,,,,,,,,,,,,,,,,,,,,,,,,,,,,,,,,,,
R7,AVI06-p135-kissinger,AVI08-p111-adams,AVI10-p67-diaz,CASCON06-a1-gueheneuc,CC09-p211-phalip,CHASE09-05071403,CHI02-p97-hudson,CHI03-p257-hudson,CHI04-p113-gonzalez,CHI04-p121-vera,CHI04-p175-czerwinski,CHI04-p207-fogarty,CHI04-p271-adamczyk,CHI04-p287-robertson,CHI05-p321-mark,CHI05-p331-fogarty,CHI05-p869-beckwith,CHI05-p909-ho,CHI06-p211-bardram,CHI06-p231-beckwith,CHI06-p731-avrahami,CHI07-p41-gluck,CHI07-p51-avrahami,CHI07-p135-fogarty,CHI07-p233-brumby,CHI07-p687-rattenbury,CHI07-p947-brush,CHI07-p1127-oulasvirta,CHI08-p107-mark,CHI08-p539-ratwani,CHI08-p617-subrahmaniyan,CHI08-p767-dearman,CHI08-p821-grimes,CHI08-p835-grimes,CHI08-p1187-mackay,CHI08-p1207-morris,CHI09-p259-voida,CHI09-p1457-won,CHI09-p1629-brumby,CHI09-p1639-nylander,CHI09-p1799-jin,CHI09-p1819-salvucci,CHI09-p2095-rader,CHI09-p2209-oliveira,CHI10-p25-lawrance,CHI10-p85-salvucci,CHI10-p89-salvucci,CHI10-p713-grigoreanu,CHI10-p1009-cao,CHI10-p1549-harrison,CHI10-p2019-lee,CSCW04-p182-dabbish,CSCW04-p497-nagel,CSCW04-p507-horvitz,CSCW04-p515-avrahami,CSCW06-p29-chong,CSCW06-p479-tang,CSCW08-p257-tolmie,CSCW08-p285-avrahami,DocEng10-p271-muller,ETRA00-p131-takahashi,ETRA02-p37-nakayama,ETRA06-p73-wang,ETRA06-p155-josephson,ETRA08-p27-porta,ETRA08-p69-klingner,ETRA08-p115-ekman,ETRA08-p213-kammerer,ETRA10-p141-palinko,ETRA10-p177-mollenbach,ETRA10-p275-klingner,GROUP07-p99-wang,GROUP07-p399-harr,GROUP09-p229-jiang,GROUP10-p253-yuzawa,GROUP10-p263-lim,HotMobile09-a13-harding,HotMobile10-p66-gonzalez,ICMI-MLMI02-18340479,ICMI-MLMI03-p20-horvitz,ICMI-MLMI03-p159-rudmann,ICMI-MLMI06-p364-lin,ICMI-MLMI09-p245-dierker,IDC04-p127-laughnan,IDC09-p158-gottel,IIiX08-p51-gyllstrom,IIiX08-p139-ramos,ITiCSE08-p163-fisker,IUI05-p75-dragunov,IUI06-p24-jaimes,IUI06-p194-oliver,IUI10-p219-gross,IUI10-p281-brdiczka,MM04-p484-ikeda,MM09-p1045-spicer,MM09-p971-spicer,MobileHCI09-a43-dekel,MobileHCI09-a50-fukazawa,MobileHCI10-p195-bohmer,NordiCHI10-p207-holleis,NordiCHI10-p619-creed,PROMISE09-a12-bruegge,SAC10-p599-stamm,Sandbox08-p55-al-bow,SIGDOC10-p251-burnett,SIGMIS09-p33-potter,SoftVis08-p9-xie,SoftVis08-p135-subrahmaniyan,UbiComp08-p232-rattenbury,UIST05-p53-smith,UIST06-p77-tashman,UIST06-p81-lee,UIST08-p101-pierce,,,,,,,,,,,,,,,,,,,,,,,,,,,,,,,,,,,,,,,,,,,,,,,,,,,,,,,,,,,,,,,,,,,,,,,,,,,,,,,,,,,,,,,,,,,,,,,,,,,,,,,,,,,,,,,,,,,,,,,,,,,,,,,,
R8,AAMAS09-p193-archibald,AAMAS10-p847-munie,ASSETS06-p259-harper,ASSETS09-p195-takagi,AVI04-p125-lunzer,AVI06-p135-kissinger,CHI08-p1101-butler,CHI09-p1481-thom-santelli,CHI09-p1485-krieger,CHI09-p1509-kittur,CHI10-p821-chen,CHI10-p1447-billings,CHI10-p1685-thomsantelli,CIKM07-p223,CSCW08-p47-kriplean,CSCW08-p343-luther,CSCW10-p107-choi,CSCW10-p117-geiger,CSCW10-p131-keegan,CSCW10-p215-kittur,CSCW10-p229-hecht,GROUP03-p302-antunes,GROUP07-p167-kriplean,GROUP09-p51-panciera,GROUP09-p105-lam,GROUP09-p381-li,GROUP10-p55-lam,HT08-p21-ankolekar,ICLS08-p237-peters,IUI07-p32-cosley,IUI08-p149-nichols,IUI09-p157-gervasio,KDD08-p1097-zheng,NordiCHI10-p295-kuznetsov,PaIR08-p19-pesenhofer,RecSys08-p187-drenner,UIST06-p145-lunzer,UIST08-p259-tajima,W4A08-p130-borodin,WikiSym06-p3-riehle,WikiSym07-p143-reagle,WikiSym08-a25-nunes,WikiSym08-a27-roth,WikiSym09-a7-kittur,WikiSym09-a8-suh,WikiSym09-a15-halfaker,WikiSym09-a16-wohner,WikiSym10-a14-poole,,,,,,,,,,,,,,,,,,,,,,,,,,,,,,,,,,,,,,,,,,,,,,,,,,,,,,,,,,,,,,,,,,,,,,,,,,,,,,,,,,,,,,,,,,,,,,,,,,,,,,,,,,,,,,,,,,,,,,,,,,,,,,,,,,,,,,,,,,,,,,,,,,,,,,,,,,,,,,,,,,,,,,,,,,,,,,,,,,,,,,,,,,,,,,,,,
R9,CASCON09-p12-reidemeister,CASCON10-p199-huang,CCS04-p257-wang,CIKM07-p127,CIKM10-p889,FMSE06-p23-cederquist,GECCO06-p609-hinkemeyer,GECCO07-p1766-ando,GECCO08-p79-ostaszewski,GECCO08-p681-santos,GRID05-01542741,GRID08-04662802,HPDC08-p239-shrinivas,HPDC10-p37-dun,ICML05-p425-khoussainov,ICML06-p793-sarawagi,ICML07-p935-van_hulse,ICSE02-p653-lucena,IMC07-p365-wei,KDD06-p147-fan,KDD06-p157-forman,KDD07-p86-becker,KDD07-p814-wu,KDD08-p749-wu,KDD09-p897-xue,MobiCom04-p30-adya,MobiSys06-p1-bahl,SAC06-p786-meyer,SAC07-p104-zhang,SAICSIT07-p29-goss,SC08-a52-buneci,SIGCOMM05-p241-yang,SIGIR06-p252-forman,SIGMOD06-p181-korn,WI06-274700270,WiSec09-p131-yang,WMASH05-p56-brunato,WWW08-p1249-xie,,,,,,,,,,,,,,,,,,,,,,,,,,,,,,,,,,,,,,,,,,,,,,,,,,,,,,,,,,,,,,,,,,,,,,,,,,,,,,,,,,,,,,,,,,,,,,,,,,,,,,,,,,,,,,,,,,,,,,,,,,,,,,,,,,,,,,,,,,,,,,,,,,,,,,,,,,,,,,,,,,,,,,,,,,,,,,,,,,,,,,,,,,,,,,,,,,,,,,,,,,,
R10,ACMSE09-a81-baek,CF06-p105-son,CGO06-24990256,DATE10-p502-mohan,EuroSys06-p249-yao,EuroSys08-p69-joukov,EW04-p29-li,HPDC10-p179-kandemir,HPDC10-p191-patrick,HPDC10-p332-kaushik,HPDC10-p360-chen,ICAC10-p131-riska,ICCAD09-p269-dong,ICS03-p86-carrera,ICS04-p68-pinheiro,ICS04-p79-zhu,ICS05-p229-lawson,ICS05-p274-son,ICS08-p175-verma,ICS10-p169-zhu,ISLPED07-p129-kandemir,ISLPED07-p334-hsieh,LCTES04-p67-zhuang,Middleware09-a28-fesehaye,MM07-p755-song,PACT08-p270-horvath,PODC07-p344-zhong,PODS10-p305-bender,PPoPP05-p174-son,PPoPP05-p186-heath,PPoPP08-p277-patrick,PPoPP10-p245-agrawal,SAC07-p693-kim,SAC08-p2085-guerra,SAC09-p299-ruan,SIGMETRICS06-p15-pinheiro,SIGMETRICS08-p289-chaitanya,SIGMETRICS09-p205-mi,SIGMOD10-p1219-bjorling,SIGUCCS07-p296-przybyla,SOSP05-p177-zhu,SPAA07-p299-kuszmaul,SPAA08-p246-crutchfield,SPAA08-p352-hon,SPAA09-p127-kuszmaul,StorageSS05-p130-rybczynski,StorageSS06-p53-bairavasundaram,StorageSS07-p1-traeger,SYSTOR09-a3-allalouf,SYSTOR09-a4-kothiyal,VTDC06-28730009,WOSP10-p217-sankar,WSC07-p1417-zong,,,,,,,,,,,,,,,,,,,,,,,,,,,,,,,,,,,,,,,,,,,,,,,,,,,,,,,,,,,,,,,,,,,,,,,,,,,,,,,,,,,,,,,,,,,,,,,,,,,,,,,,,,,,,,,,,,,,,,,,,,,,,,,,,,,,,,,,,,,,,,,,,,,,,,,,,,,,,,,,,,,,,,,,,,,,,,,,,,,,,,,,,,,,
R11,CIKM09-275,C3S2E-p73-tilsner,EDBT09-p156-chang,EDBT09-p874-trajcevski,EDBT09-p1076-abiteboul,EDBT10-p323-jha,EDBT10-p335-yang,EDBT10-p713-balan,EUROSEC10-p1-reed,ICDT09-p1-vianu,ICDT09-p127-koch,ICDT09-p149-gotz,ICDT09-p225-fritz,ICDT10-p50-abiteboul,ICDT10-p62-cohen,ICEC06-p574-yu,iiWAS08-p33-ikeda,iiWAS08-p555-guo,iiWAS10-p134-tekli,iiWAS10-p247-bianchini,KDD10-p533-maserrat,PODS07-p63-engelfriet,PODS07-p143-vandenbussche,PODS07-p283-senellart,PODS08-p99-koch,PODS08-p231-fan,PODS08-p271-foster,PODS09-p87-abiteboul,PODS09-p137-agarwal,PODS09-p227-cohen,PODS09-p279-atallah,PODS10-p87-koch,RecSys09-p389-lousame,RecSys10-p233-gedikli,SAC00-p888-ceri,SIGMOD07-p509-cong,SIGMOD07-p1122-beeri,SIGMOD08-p701-kimelfeld,SIGMOD08-p1357-pei,SIGMOD09-p361-li,SIGMOD09-p375-ge,SIGMOD09-p441-xu,SIGMOD09-p745-koutrika,SIGMOD09-p953-simitsis,SIGMOD10-p315-qi,SIGMOD10-p327-jestes,SIGMOD10-p567-fu,SIGMOD10-p675-kanagal,SIGMOD10-p711-bao,SIGSOFT08-p124-koesnandar,VLDB02-p880-sayal,VLDB06-p211-buneman,VLDB06-p343-beeri,VLDB07-p27-kimelfeld,VLDB07-p495-akbarinia,VLDB07-p603-beeri,VLDB07-p615-vrhovnik,VLDB07-p1422-antova,WIDM04-p48-bonifati,WSDM10-p131-galland,WWW08-p775-riabov,WWW09-p1133-lu,WWW10-p1109-han,,,,,,,,,,,,,,,,,,,,,,,,,,,,,,,,,,,,,,,,,,,,,,,,,,,,,,,,,,,,,,,,,,,,,,,,,,,,,,,,,,,,,,,,,,,,,,,,,,,,,,,,,,,,,,,,,,,,,,,,,,,,,,,,,,,,,,,,,,,,,,,,,,,,,,,,,,,,,,,,,,,,,,,,,,,,,,,,,,
R12,CIKM00-p78-sebastiani,CIKM00-p389-lavrenko,CIKM01-p97-al-kofahi,CIKM02-p348-liu,CIKM03-p232-yu,CIKM04-p446-nallapati,CIKM04-p501-niu,CIKM05-p337-ganesh,CIKM05-p437-singh,CIKM05-p469-tan,CIKM06-p238-li,CIKM06-p802-hristidis,CIKM07-p821,CIKM08-p1033,CIKM09-p315,CIKM09-p523,CIKM09-p1783,CIKM10-p1769,DaMoN10-p34-schlegel,dgo06-p219-purpura,GIS01-p9-schneider,GIS06-p211-sankaranarayanan,HT04-p38-roy,HT06-p1-qi,JCDL06-p314-tan,JCDL09-p49-pereira,KDD00-p169-mccallum,KDD02-p239-yu,KDD02-p599-liu,KDD02-p688-yang,KDD03-p177-sarawagi,KDD03-p336-zhu,KDD04-p811-morinaga,KDD05-p198-mei,KDD06-p207-ihler,KDD06-p424-wang,KDD06-p484-zhao,KDD07-p300-fung,KDD07-p360-janssens,KDD07-p784-wang,KDD08-p213-elkan,KDD08-p954-moerchen,KDD08-p972-parikh,KDD09-p477-lappas,KDD10-p443-he,MDM05-p178-lee,MM10-p1095-tan,MobiDe03-p39-trajcevski,SAC07-p398-tan,SAC08-p875-pauly,SAC08-p1095-bordogna,SAC09-p1742-liu,SIGIR00-p49-swan,SIGIR02-p73-smith,SIGIR02-p207-bennett,SIGIR03-p330-brants,SIGIR04-p297-kumaran,SIGIR04-p425-chieu,SIGIR05-p106-li,SIGIR07-p207-he,SIGIR07-p215-zhang,SIGIR07-p663-chaudhuri,SIGIR08-p729,SIGIR10-p809,SIGMOD02-p334-tao,SIGMOD04-p23-wu,SIGMOD04-p131-vlachos,SIGMOD05-p479-hu,SIGMOD08-p353-yang,SIGMOD08-p1031-shen,SIGMOD09-p283-binnig,SIGMOD09-p297-idreos,SIGMOD10-p63-koehler,SIGMOD10-p1105-castellanos,SIGMOD10-p1211-zhou,VLDB02-p287-tao,VLDB04-p1214-stata,VLDB05-p181-fung,VLDB07-p1410-bansal,WI07-30260663,WIDM08-p1-hu,WSDM09-p192-wang,WSDM10-p301-mathioudakis,WWW06-p945-yang,WWW08-p457-wang,,,,,,,,,,,,,,,,,,,,,,,,,,,,,,,,,,,,,,,,,,,,,,,,,,,,,,,,,,,,,,,,,,,,,,,,,,,,,,,,,,,,,,,,,,,,,,,,,,,,,,,,,,,,,,,,,,,,,,,,,,,,,,,,,,,,,,,,,,,,,,,,,,,,,,,,,,,,
R13,AAMAS07-a43-sarne,AAMAS07-a48-sarne,AAMAS08-p461-alexander,AAMAS10-p267-kalech,AAMAS10-p1047-atlas,AAMAS10-p1331-barbulescu,CIKM04-p446-nallapati,CIKM05-p91-dasneves,DATE07-p1313-wu,EC05-p155-gentry,EDBT09-p910-angel,GECCO05-p82-mellor,GECCO08-p1017-nguyen,ICML07-p417-kirshner,ICML07-p863-sutton,ICML08-p784-radlinsk,ICML08-p1224-yue,KDD05-p198-mei,KDD07-p420-leskovec,KDD07-p619-shaparenko,MM03-p462-rui,SEAMS08-p89-fritsch,SIGIR04-p425-chieu,SIGIR06-p429-chen,SODA01-p392-karger,UbiComp08-p134-leahu,UIST10-p57-little,UIST10-p313-bernstein,WWW10-p931-sun,,,,,,,,,,,,,,,,,,,,,,,,,,,,,,,,,,,,,,,,,,,,,,,,,,,,,,,,,,,,,,,,,,,,,,,,,,,,,,,,,,,,,,,,,,,,,,,,,,,,,,,,,,,,,,,,,,,,,,,,,,,,,,,,,,,,,,,,,,,,,,,,,,,,,,,,,,,,,,,,,,,,,,,,,,,,,,,,,,,,,,,,,,,,,,,,,,,,,,,,,,,,,,,,,,,,
R14,ACMSE05-p75-allen,ACMSE06-p417-allen,ACMSE07-p250-allen,CIKM07-p927,ICMI-MLMI06-p84-christoudias,ICML06-p137-brefeld,ICML07-p25-ando,ICML07-p967-wang,ICML08-p448-karlen,ICML08-p976-sindhwani,ICML09-p985-sutskever,ISSAC07-p122-dimitrova,GECCO09-p755-barriere,KDD04-p479-yan,KDD10-p183-khosla,KDD10-p723-xiang,RecSys09-p5-marlin,RecSys10-p39-cremonesi,RecSys10-p71-pilaszy,RecSys10-p103-vasuki,RecSys09-p181-jamali,SIGMOD07-p437-chaudhuri,SIGIR10-p218,,,,,,,,,,,,,,,,,,,,,,,,,,,,,,,,,,,,,,,,,,,,,,,,,,,,,,,,,,,,,,,,,,,,,,,,,,,,,,,,,,,,,,,,,,,,,,,,,,,,,,,,,,,,,,,,,,,,,,,,,,,,,,,,,,,,,,,,,,,,,,,,,,,,,,,,,,,,,,,,,,,,,,,,,,,,,,,,,,,,,,,,,,,,,,,,,,,,,,,,,,,,,,,,,,,,,,,,,,
R15,ASPDAC05-p769-kandemir,ASPDAC09-p841-li,CASCON00-p13-wang,CASES06-p401-suhendra,CGO06-24990173,CIKM08-p1333,CIKM10-p339,CIKM10-p1297,CIKM10-p1345,CODES02-p181-petrov,CODES03-p138-park,CODES03-p188-zimmer,CODES06-p229-joo,CODES08-p13-wu,CODES09-p277-qiu,CODES10-p173-qin,DAC04-p77-demicheli,DAC07-p224-koc,DAC09-p744-baiocchi,DaMon09-p15-ou,DaMon10-p9-baumann,DATE02-14711065,DATE04-208510214,DATE05-228810358,DATE05-228810520,DATE06-p945-park,DATE09-p405-chu,DATE09-p507-cho,DATE09-p743-roberts,DATE10-p914-ferreira,DATE10-p941-kim,EDBT09-p588-yin,EMSOFT09-p315-park,GLSVLSI05-p270-ozturk,GLSVLSI06-p398-zhou,GLSVLSI06-p404-patel,GLSVLSI08-p395-mangalagiri,GLSVLSI09-p511-neishabouri,GLSVLSI10-p91-shi,ICS10-p17-potluri,IDEAS10-p7-ou,ISLPED00-p90-powell,ISLPED03-p270-yang,ISLPED05-p173-li,LCTES07-p217-in,LCTES10-p163-wang,MICRO01-p124-witchel,MM04-p989-brown,PACT06-p192-yang,PACT08-p197-eisley,SCCG10-p117-musialski,SIGMOD10-p363-kim,SOSP05-a15-reyes,VLDB05-p1116-hall,,,,,,,,,,,,,,,,,,,,,,,,,,,,,,,,,,,,,,,,,,,,,,,,,,,,,,,,,,,,,,,,,,,,,,,,,,,,,,,,,,,,,,,,,,,,,,,,,,,,,,,,,,,,,,,,,,,,,,,,,,,,,,,,,,,,,,,,,,,,,,,,,,,,,,,,,,,,,,,,,,,,,,,,,,,,,,,,,,,,,,,,,,,
R16,AOSD09-p63-villazon,AOSD10-p1-ansaloni,ARM04-p268-sodan,ARM06-a6-sodan,ASE07-p343-santelices,ASPDAC06-p929-unnikrishnan,ASPDAC07-04196131,ASPDAC08-p611-healy,ASPLOS08-p70-mallik,ASPLOS09-p169-wells,ASPLOS10-p335-ebrahimi,ASPLOS10-p385-feng,CASCON06-a11-gittens,CASES02-p238-weissel,CASES05-p213-el-haj-mahmoud,CASES06-p190-strozek,CASES06-p261-hazelwood,CASES06-p368-hempstead,CASES07-p75-baiocchi,CASES08-p109-baiocchi,CASES09-p241-wang,CASES10-p1-guha,CF05-p211-moseley,CF07-p123-sasaki,CF07-p143-moseley,CF07-p237-tolentino,CF08-p209-rangasamy,CF10-p177-dinan,CGO03-p15-dehnert,CGO03-p36-scott,CGO03-p79-chen,CGO04-21020089,CGO05-22980051,CGO05-22980063,CGO05-22980217,CGO05-22980243,CGO06-24990017,CGO06-24990333,CGO06-24990358,CGO07-27640061,CGO07-27640074,CGO07-27640209,CGO08-p84-lee,CGO09-3576a035,CGO09-3576a047,CGO09-3576a169,CGO09-3576a254,CGO09-3576a265,CGO09-3576a275,CGO10-p42-chen,CGO10-p257-mars,CODES09-p51-lu,DAC02-p399-badaroglu,DAC05-p624-yan,DAC05-p700-coburn,DAC09-p744-baiocchi,DAC09-p927-chen,DaMon10-p47-lang,DATE04-208521052,DATE04-208521396,eclipse03-p79-childers,EMSOFT05-p218-gurun,EMSOFT05-p251-xu,EuroSys07-p327-makris,EuroSys10-p125-koufaty,ESEC05-p126-metz,GLSVLSI08-p35-holtz,GLSVLSI10-p85-pant,GLSVLSI10-p335-zhao,GPCE09-p85-villazon,GRID05-01542740,HPDC10-p684-guan,ICCAD05-92541014,ICCAD07-p824-liang,ICCAD08-p529-brownell,ICFP06-p38-walker,ICS04-p146-vandermark,ICS06-p135-hampton,ISCA03-p72-powell,ISCA03-p122-xu,ISCA04-21430264,ISCA04-21430288,ISCA05-22700284,ISCA08-3174a427,ISCA09-p93-powell,ISCA09-p232-hamilton,ISCA09-p290-bhattacharjee,ISCA10-p326-soundararajan,ISCA10-p461-sridharan,ISCA10-p485-yan,ISMM09-p20-hazelwood,ISLPED02-p103-dhar,ISLPED04-p326-hazelwood,ISLPED04-p174-choi,ISLPED04-p326-hazelwood,ISLPED05-p173-li,ISLPED06-p49-magklis,ISLPED07-p207-dhiman,ISSTA02-p86-tikir,ISSTA07-p196-clause,LCTES02-p194-palm,LCTES04-p155-zhang,LCTES09-p147-moore,MICRO02-p257-desoli,MICRO03-p191-baraz,MICRO04-21260081,MICRO04-21260105,MICRO05-24400130,MICRO05-24400271,MICRO06-27320359,MICRO09-p122-sastry_hari,MICRO09-p459-rotem,MICRO10-4299a351,MGC06-a3-ni,NOSSDAV09-p121-locher,PACT06-p64-kumar,PACT07-29440175,PACT07-29440259,PACT08-p43-romanescu,PACT08-p72-bienia,PACT08-p82-price,PACT10-p377-tournavitis,PACT10-p389-vandierendonck,PASTE04-p29-debus,PASTE05-p28-kumar,PLDI01-p168-arnold,PLDI03-p38-hsu,PLDI03-p49-xie,PLDI06-p263-zhuang,PLDI07-p42-perry,PLDI07-p89-nethercote,PLDI09-p177-tournavitis,PODC10-p71-bieniusa,PPPJ07-p209-zaparanuks,PPPJ08-p159-villazon,PPPJ09-p111-binder,PPPJ09-p125-villazon,PPoPP06-p230-springer,PPoPP07-p249-lee,PPoPP08-p185-praun,PPoPP08-p281-rul,PPoPP10-p37-mannarswamy,PPoPP10-p315-aleen,SAC05-p874-debbabi,SAC08-p455-mowat,SAC08-p1884-wendt,SAC10-p258-wei,SOSP09-p1-andersen,SPAA07-p59-baek,SYSTOR10-a10-payer,VEE05-p89-jianhui,VEE05-p164-biberstein,VEE05-p100-zhou,VEE06-p2-hu,VEE06-p122-hiser,VEE06-p154-bhansali,VEE06-p164-yang,VEE06-p175-sridhar,VEE07-p65-nethercote,VEE08-p61-bruening,VEE10-p145-guha,VEE10-p157-kondoh,VMIL09-a4-binder,VTDC07-a4-kangarlou,WODA08-p15-lee,WOSP10-p57-ansaloni,,,,,,,,,,,,,,,,,,,,,,,,,,,,,,,,,,,,,,,,,,,,,,,,,,,,,,,,,,,,,,,,,,,,,,,,,,,
R17,ACMSE10-a18-nocentino,ASPLOS08-p287-linderman,CGO08-p94-ketterlin,CIKM04-p454-clarke,CIKM08-p193,CIKM08-p739,CIKM08-p749,CIKM10-p109,DocEng08-p173-valle,EuroSys09-p103-krasic,GRID04-22560226,HPDC08-p197-diamos,HPDC09-p177-kumar,ICS08-p15-hartley,ICS09-p244-venkatasubramanian,ICS10-p137-ravi,PACT06-p154-zhao,PACT10-p19-ganesan,PACT10-p217-hong,PACT10-p523-chen,PLDI10-p86-yang,PLDI10-p388-zhou,PPoPP05-p255-cong,PPoPP10-p315-aleen,PPPJ09-p172-wimmer,RecSys08-p107-li,SAC04-p1420-ungureanu,SAC05-p105-hastings,SAC10-p1131-barros,SC03-21130009,SC10-75590031,SC10-75590046,SIGIR09-p742,SPAA07-p35-bender,SPAA09-p19-agrawal,SPAA10-p82-becchi,VEE06-p164-yang,,,,,,,,,,,,,,,,,,,,,,,,,,,,,,,,,,,,,,,,,,,,,,,,,,,,,,,,,,,,,,,,,,,,,,,,,,,,,,,,,,,,,,,,,,,,,,,,,,,,,,,,,,,,,,,,,,,,,,,,,,,,,,,,,,,,,,,,,,,,,,,,,,,,,,,,,,,,,,,,,,,,,,,,,,,,,,,,,,,,,,,,,,,,,,,,,,,,,,,,,,,,
R18,CoNEXT07-a59-kuatse,CoNEXT09-p13-keller,DEBS10-p216-teixeira,GRID06-04100484,GRID06-04100490,HPDC08-p23-ramakrishnan,HPDC08-p221-drost,HPDC08-p239-shrinivas,ICAC09-p13-jiang,ICAC09-p23-diao,ICAC09-p33-zhao,ICAC09-p63-dusparic,ICAC09-p179-ben-yehuda,ICAC10-p73-anthony,ICAC10-p109-stehle,ICAC10-p141-kutare,KDD05-p801-powers,OSDI06-p117-verbowski,PRESTO08-p51-caesar,SAC05-p563-gao,SIGMETRICS04-p167-burtscher,SIGMETRICS07-p325-rajendran,SIGMETRICS09-p85-shen,UPGRADE08-p21-montella,VLDB07-p962-jain,,,,,,,,,,,,,,,,,,,,,,,,,,,,,,,,,,,,,,,,,,,,,,,,,,,,,,,,,,,,,,,,,,,,,,,,,,,,,,,,,,,,,,,,,,,,,,,,,,,,,,,,,,,,,,,,,,,,,,,,,,,,,,,,,,,,,,,,,,,,,,,,,,,,,,,,,,,,,,,,,,,,,,,,,,,,,,,,,,,,,,,,,,,,,,,,,,,,,,,,,,,,,,,,,,,,,,,,
R19,ACMSE08-p108-reiser,ICER08-p71-hewner,ICSE07-28280736,ITiCSE01-p191-koppelman,ITiCSE03-p193-moorman,ITiCSE04-p232-liffick,ITiCSE04-p250-fone,ITiCSE07-p196-cutts,ITiCSE07-p266-deibel,ITiCSE07-p307-sloan,ITiCSE09-p278-galezer,ITiCSE09-p288-brinda,SIGCSE03-p94-heines,SIGCSE05-p17-cohen,SIGCSE05-p392-beyer,SIGCSE06-p67-cortina,SIGCSE06-p229-christensen,SIGCSE06-p448-dodds,SIGCSE07-p400-beck,SIGCSE07-p541-rosmaita,SIGCSE07-p556-purewal,SIGCSE08-p2-almstrum,SIGCSE08-p372-owens,SIGCSE08-p454-deibel,,,,,,,,,,,,,,,,,,,,,,,,,,,,,,,,,,,,,,,,,,,,,,,,,,,,,,,,,,,,,,,,,,,,,,,,,,,,,,,,,,,,,,,,,,,,,,,,,,,,,,,,,,,,,,,,,,,,,,,,,,,,,,,,,,,,,,,,,,,,,,,,,,,,,,,,,,,,,,,,,,,,,,,,,,,,,,,,,,,,,,,,,,,,,,,,,,,,,,,,,,,,,,,,,,,,,,,,,
R20,AAMAS02-p578-haigh,ASSETS04-p140-paradise,ASSETS05-p4-maciuszek,ASSETS05-p190-lopresti,AVI04-p90-lee,CHI01-p46-millett,CHI01-p380-bers,CHI01-p530-jancke,EC01-p137-basso,GECCO08-p25-dries,GECCO08-p163-chira,GECCO10-p85-brown,GROUP05-p61-reichling,HT03-p174-mendes,HT03-p216-wu,ICLS04-p81-bartholome,ITiCSE05-p39-cox,ITiCSE06-p53-plimmer,ITiCSE06-p58-koppelman,IUI10-p321-freyne,MM05-p371-hamada,NordiCHI10-p112-choi,SAC03-p558-rumetshofer,SAC03-p645-shekar,SAC04-p1634-su,SAC08-p2415-borsje,SIGCSE02-p237-weinberg,SIGCSE05-p31-pastel,TEI07-p11-etter,WSC06-p1595-wachter,,,,,,,,,,,,,,,,,,,,,,,,,,,,,,,,,,,,,,,,,,,,,,,,,,,,,,,,,,,,,,,,,,,,,,,,,,,,,,,,,,,,,,,,,,,,,,,,,,,,,,,,,,,,,,,,,,,,,,,,,,,,,,,,,,,,,,,,,,,,,,,,,,,,,,,,,,,,,,,,,,,,,,,,,,,,,,,,,,,,,,,,,,,,,,,,,,,,,,,,,,,,,,,,,,,
R21,ACMSE05-p49-otto,ASPDAC05-p697-wandeler,ASPDAC10-p7-huang,CF08-p105-kirischian,CODES04-p128-maxiaguine,CODES07-p63-kuenzli,CODES08-p91-ophelders,CODES08-p185-schliecker,DAC00-p495-shin,DAC02-p287-richter,DAC04-p686-kogel,DAC08-p120-chaudhuri,DAC08-p296-mohalik,DATE07-p273-schliecker,DATE07-p912-huang,DATE09-p99-stoimenov,DATE09-p1506-zhu,EMSOFT04-p137-geilen,EMSOFT04-p220-benveniste,EMSOFT05-p80-wandeler,EMSOFT06-p152-benveniste,EMSOFT07-p193-perathoner,EMSOFT07-p231-benveniste,EMSOFT08-p69-tschirner,EMSOFT08-p119-zhu,EMSOFT08-p179-jonsson,EMSOFT09-p107-lampka,EMSOFT09-p127-thiele,EMSOFT09-p147-potop-butucaru,EMSOFT10-p119-phan,EMSOFT10-p189-benveniste,EMSOFT10-p269-stoimenov,GLSVLSI00-p17-benini,LCTES10-p37-perathoner,MSWIM10-p31-mostl,SAC08-p324-martins,SAC10-p351-chokshi,,,,,,,,,,,,,,,,,,,,,,,,,,,,,,,,,,,,,,,,,,,,,,,,,,,,,,,,,,,,,,,,,,,,,,,,,,,,,,,,,,,,,,,,,,,,,,,,,,,,,,,,,,,,,,,,,,,,,,,,,,,,,,,,,,,,,,,,,,,,,,,,,,,,,,,,,,,,,,,,,,,,,,,,,,,,,,,,,,,,,,,,,,,,,,,,,,,,,,,,,,,,
R22,ACMSE06-p1-shou,ASPDAC07-04196053,ASPDAC07-04195993,ASPDAC07-04196079,ASPLOS09-p241-aleen,ASSETS00-p149-arnold,AVI06-p163-cechanowicz,CASES01-p84-jung,CASES01-p108-fischer,CASES02-p79-hunter,CASES04-p190-liu,CASES04-p248-verdoolaege,CASES05-p2-pozzi,CASES06-p24-cavazos,CASES06-p242-bonzini,CASES06-p334-liu,CASES07-p3-gao,CASES07-p115-lin,CASES07-p125-verma,CASES08-p31-dubach,CASES09-p57-carpenter,CASES09-p67-liu,CASES10-p187-jantz,CASES10-p197-namolaru,CF05-p180-haneda,CF06-p147-touati,CF07-p131-dubach,CGO06-24990173,CGO06-24990295,CGO07-27640170,CGO07-27640209,CGO08-p24-gu,CGO08-p114-raman,CGO08-p165-hoste,CGO09-3576a047,CGO09-3576a059,CGO09-3576a136,CGO09-3576a265,CGO10-p190-yuki,CGO10-p248-jiang,CHI02-p25-isokoski,CHI02-p307-lin,CHI04-p639-ingmarsson,CHI08-p979-lohr,CODES04-p18-weber,CODES05-p172-atasu,CODES06-p52-ko,CODES06-p160-galuzzi,CODES06-p193-qin,CODES08-p173-ju,CODES09-p315-powell,DAC02-p275-oh,DAC02-p703-kadayif,DAC04-p562-hu,DAC05-p23-muttreja,DAC06-p445-verma,DAC07-p726-kumar,DAC08-p754-ceng,DATE02-14710971,DATE03-187010410,DATE05-228820808,DATE06-p112-derrico,DATE06-p212-biswas,DATE06-p224-zmily,DATE07-p1331-bonzini,DATE08-p1111-israr,DATE09-p821-hong,DATE09-p1148-baert,DATE10-p51-huang,DATE10-p747-meijer,EMSOFT05-p90-combaz,EMSOFT09-p1-yang,ETRA00-p15-isokoski,FPGA08-p99-dinh,GECCO08-p1921-merkle,GLSVLSI06-p386-ozturk,GPCE06-p1-kamin,ICCAD03-24850193,ICML06-p121-bonilla,ICS01-p38-mateev,ICS01-p78-wu,ICS01-p166-chakrabarti,ICS03-p205-psarris,ICS04-p106-engelen,ICS04-p237-long,ICS05-p141-yotov,ICS05-p151-cohen,ICS05-p161-haneda,ICS05-p179-renau,ICS06-p249-qasem,ICS07-p263-rus,ICS08-p245-shou,ICS08-p368-barnes,ICS09-p410-xekalakis,ICSE10-p69-clavreul,ISSAC01-p345-zima,ISLPED03-p40-kim,LCTES03-p1-zhao,LCTES03-p12-kulkarni,LCTES03-p24-vanbroekhoven,LCTES04-p231-almagor,LCTES05-p69-cooper,LCTES06-p83-kulkarni,LCTES07-p83-bennett,LCTES10-p9-pyka,MICRO07-30470069,MICRO07-30470262,MICRO08-04771802,MobileHCI07-p495-thu,Mobility07-p364-drewes,PACT04-22290203,PACT04-22290007,PACT06-p43-rus,PACT06-p114-hoste,PACT06-p173-pan,PACT06-p295-birch,PACT07-29440327,PACT08-p82-price,PACT10-p307-wang,PACT10-p377-tournavitis,PACT10-p389-vandierendonck,PLDI00-p182-rugina,PLDI02-p45-gargi,PLDI03-p63-yotov,PLDI03-p77-stephenson,PLDI04-p171-kulkarni,PLDI04-p183-vachharajani,PLDI05-p269-garcia,PLDI06-p239-lau,PLDI07-p211-kulkarni,PLDI07-p223-ding,PLDI08-p90-pouchet,PLDI09-p177-tournavitis,PLDI10-p448-chen,PPoPP01-p93-voss,PPoPP05-p26-darte,PPoPP06-p81-sharapov,PPoPP07-p249-lee,PPoPP07-p271-saraswat,PPoPP08-p158-liu,PPoPP08-p185-praun,PPoPP08-p281-rul,PPoPP09-p75-wang,PPoPP10-p315-aleen,Q2SWinet09-p92-taddeo,SAC07-p666-xianhua,SC04-21530015,SC04-21530014,SC05-27580013,SCOPES05-p72-palkovic,PACT06-p295-birch,PLDI04-p71-du,PPPJ09-p172-wimmer,SBIM09-p7-gross,SC04-21530014,SC04-21530015,SC09-a56-liao,SCOPES07-p31-atienza,SCOPES08-p43-murray,SYSTOR09-a5-tudor,UIST00-p213-guimbretiere,UIST06-p333-wobbrock,VEE09-p91-mao,WCAE05-a4-franklin,,,,,,,,,,,,,,,,,,,,,,,,,,,,,,,,,,,,,,,,,,,,,,,,,,,,,,,,,,,,,,,,,,,,,,,,,,,,,
R23,AFRIGRAPH01-p147-lukaszewski,AFRIGRAPH03-p79-jeng,AFRIGRAPH04-p151-ledda,AFRIGRAPH06-p137-bartz,APGV06-p135-anson,APGV07-p91-kozlowski,APGV09-p93-schwarz,APGV10-p25-lopez-moreno,CHI06-p65-wiley,CHI10-p811-fu,CHI10-p2133-hancock,GH08-p95-sitthi-amorn,GRAPHITE04-p237-jeong,GRAPHITE05-p285-hsieh,GRAPHITE07-p87-lacoste,GRAPHITE07-p243-frisvad,ICMI-MLMI02-18340535,ICMI-MLMI10-a25-chen,ICS02-p285-lawlor,I3D03-p171-ismert,I3D05-p41-kontkanen,I3D05-p49-govindaraju,I3D05-p117-hegeman,I3D05-p125-wang,I3D05-p195-hornus,I3D05-p203-dachsbacher,I3D06-p93-dachsbacher,I3D06-p117-sud,I3D06-p161-donnelly,I3D07-p65-geigl,I3D07-p73-shanmugam,I3D07-p89-oliveira,I3D07-p97-bavoil,I3D07-p153-niski,I3D07-p167-horn,I3D08-a3-liao,I3D08-a4-dai,I3D08-p107-gascuel,I3D08-p157-sintorn,I3D08-p173-bouthors,I3D08-p199-qin,I3D09-p57-johnson,I3D09-p75-ritschel,I3D09-p83-nichols,I3D09-p115-cole,I3D09-p121-benard,I3D09-p155-kovacs,I3D10-a4-kashyap,I3D10-a18-dong,I3D10-p91-herzog,I3D10-p99-kaplanyan,I3D10-p135-baxter,NPAR02-p45-johnston,NPAR06-p63-snavely,NPAR07-p23-schmidt,NPAR07-p53-goodwin,NPAR07-p77-decoro,NPAR08-p31-bronson,NPAR08-p69-sudarsanam,NPAR08-p89-bezerra,NPAR09-p5-choudhury,NPAR10-p17-tatzgern,NPAR10-p73-lin,NPAR10-p91-benard,SCA08-p155-faure,SCCG03-p47-reitinger,SCCG08-p113-liao,SGP03-p116-varadhan,SIGGRAPH00-p375-agrawala,SIGGRAPH00-p385-lokovic,SIGGRAPH01-p387-fernando,SIGGRAPH01-p433-oh,SIGGRAPH05-p375-agrawala,SIGGRAPH05-p1156-laine,SIGGRAPH06-p494-wonka,SIGGRAPH07-a97-cleary,SIGGRAPH08-a34-annen,SPM10-p31-li,VIS00-p251-qu,VIS04-87880075,VRCAI06-p311-zhang,VRCAI06-p339-zhang,VRCAI09-p133-chen,VRST00-p129-mulder,VRST06-p173-rong,VRST08-p73-pintaric,VRST08-p91-ferey,VRST10-p101-hoang,Web3D08-p27-jung,Web3D09-p71-weekley,,,,,,,,,,,,,,,,,,,,,,,,,,,,,,,,,,,,,,,,,,,,,,,,,,,,,,,,,,,,,,,,,,,,,,,,,,,,,,,,,,,,,,,,,,,,,,,,,,,,,,,,,,,,,,,,,,,,,,,,,,,,,,,,,,,,,,,,,,,,,,,,,,,,,,,
R24,AFRIGRAPH04-p161-bangay,AFRIGRAPH06-p65-bangay,AFRIGRAPH07-p151-clement,APGV06-p127-meseth,APGV07-p91-kozlowski,APGV08-p131-filip,CIVR07-p448-vacha,GRAPHITE07-p147-nowrouzezahrai,GRAPHITE07-p163-nowrouzezahrai,GRAPHITE07-p171-weidlich,GRAPHITE07-p239-kolchin,I3D03-p75-hao,I3D05-p155-policarpo,I3D05-p187-ma,I3D06-p7-green,I3D06-p23-sloan,I3D06-p55-policarpo,I3D07-p47-kirk,I3D07-p81-cheslack-postava,I3D07-p89-oliveira,I3D10-p181-olano,Sandbox07-p81-risser,SCCG05-p161-havran,SCCG05-p211-jimenez,SCCG08-p51-weidlich,SIGGRAPH00-p65-ashikhmin,SIGGRAPH00-p75-pharr,SIGGRAPH01-p97-liu,SIGGRAPH01-p391-xu,SIGGRAPH01-p511-jensen,SIGGRAPH04-p496-lawrence,SIGGRAPH05-,SODA09-p160-eppstein,SPM10-p127-han,VRCAI09-p35-jiao,VRST03-p41-adabala,VRST04-p150-ma,Web3D07-p27-jung,Web3D08-p7-franke,Web3D10-p7-schwenk,,,,,,,,,,,,,,,,,,,,,,,,,,,,,,,,,,,,,,,,,,,,,,,,,,,,,,,,,,,,,,,,,,,,,,,,,,,,,,,,,,,,,,,,,,,,,,,,,,,,,,,,,,,,,,,,,,,,,,,,,,,,,,,,,,,,,,,,,,,,,,,,,,,,,,,,,,,,,,,,,,,,,,,,,,,,,,,,,,,,,,,,,,,,,,,,,,,,,,,,,
R25,APGV07-p141-huckauf,ASSETS00-p1-jacko,ASSETS04-p71-trewin,ASSETS05-p68-keates,ASSETS05-p129-kurniawan,ASSETS06-p291-hailpern,ASSETS07-p11-moffatt,ASSETS07-p43-brajnik,ASSETS07-p91-miyashita,ASSETS08-p67-fairweather,ASSETS09-p231-forbes,AUIC04-p117-wallace,AVI00-p270-yamato,AVI06-p119-bertini,CHI00-p145-chen,CHI00-p273-salvucci,CHI02-p227-sellen,CHI03-p249-hornof,CHI03-p561-mueller,CHI04-p415-teevan,CHI04-p727-paek,CHI05-p111-marshall,CHI05-p121-bondarenko,CHI05-p131-kaki,CHI05-p151-fono,CHI05-p781-hamalainen,CHI05-p819-williams,CHI06-p1-cockburn,CHI06-p701-kamvar,CHI06-p917-vannimwegen,CHI07-p251-hinckley,CHI07-p281-dickinson,CHI07-p377-kellar,CHI07-p407-cutrell,CHI07-p417-guan,CHI07-p421-kumar,CHI07-p597-obendorf,CHI07-p853-nenonen,CHI07-p1347-atterer,CHI08-p237-dragicevic,CHI08-p247-karrer,CHI08-p525-zhang,CHI08-p1187-mackay,CHI08-p1207-morris,CHI09-p21-buscher,CHI09-p357-majaranta,CHI09-p1323-mankowski,CHI09-p1457-won,CHI09-p1683-chin,CHI09-p2023-teevan,CHI10-p693-cho,CHI10-p723-li,CHI10-p763-muller,CHI10-p2083-zhang,CIKM01-p119-jones,CIKM03-p568-wu,CIKM06-p297-white,CIKM07-p157,CIKM08-p1153,CIKM09-p77,CIKM09-p87,CIKM10-p159,CIKM10-p439,DIS02-p56-stromberg,DIS10-p175-coleman,DocEng03-p234-janssen,ECCE07-p253-furniss,ECCE10-p109-cole,ETRA00-p15-isokoski,ETRA00-p23-lankford,ETRA00-p117-smith,ETRA02-p15-majaranta,ETRA02-p43-josephson,ETRA02-p51-goldberg,ETRA02-p111-mello-thoms,ETRA04-p27-santella,ETRA04-p58-hansen,ETRA04-p63-wu,ETRA04-p85-zhang,ETRA04-p131-hansen,ETRA04-p139-majaranta,ETRA06-p11-carmi,ETRA06-p35-hoanca,ETRA06-p41-hembrooke,ETRA06-p43-granka,ETRA06-p53-beinhauer,ETRA06-p55-hansen,ETRA06-p59-itoh,ETRA06-p67-miniotas,ETRA06-p87-hennessey,ETRA06-p117-wagner,ETRA06-p133-uwano,ETRA06-p149-west,ETRA08-p55-mackenzie,ETRA08-p11-wobbrock,ETRA08-p19-tuisku,ETRA08-p27-porta,ETRA08-p43-feusner,ETRA08-p47-tien,ETRA08-p51-huckauf,ETRA08-p55-mackenzie,ETRA08-p99-bednarik,ETRA08-p115-ekman,ETRA08-p131-habuchi,ETRA08-p147-rantala,ETRA08-p189-chen,ETRA08-p205-hansen,ETRA08-p213-kammerer,ETRA08-p221-istance,ETRA10-p203-goldberg,ETRA10-p219-duchowski,ETRA10-p227-goldberg,ETRA10-p235-ryan,ETRA10-p315-urbina,ETRA10-p339-ashtiani,GIS07-a47-mac_aoidh,GIS09-p452-toda,HT07-p37-wells,ICEC09-p259-lin,ICMI-MLMI05-p124-spakov,ICMI-MLMI09-p199-bader,ICUIMC10-a27-nakatani,IDC03-p164-hoysniemi,IIiX08-p13-westman,IIiX08-p123-papaeconomou,IIiX10-p35-liu,IIiX10-p185-dumais,IIiX10-p215-liu,IUI04-p198-hijikata,IUI07-p2-dumais,IUI08-p357-laufer,JCDL01-p179-blandford,JCDL01-p189-cunningham,JCDL02-p425-boerner,JCDL05-p160-adams,JCDL06-p11-kerne,JCDL06-p141-plaisant,JCDL08-p323-tibenderana,JCDL10-p69,JCDL10-p119,KDD08-p497-ling,MM04-p732-christel,MM05-p1059-davis,MM06-p231-erol,MobileHCI05-p347-deluca,MobileHCI06-p29-buttussi,MobileHCI07-p238-markova,MobileHCI07-p397-heimonen,MobileHCI08-p53-vuolle,MobileHCI10-p7-buttussi,MobileHCI10-p287-liu,MobileHCI10-p345-lee,Mobility07-p364-drewes,Mobility07-p372-yoong-en,NordiCHI02-p295-pettersson,NordiCHI04-p199-hamalainen,NordiCHI04-p203-spakov,NordiCHI04-p365-kaki,NordiCHI04-p413-lankoski,NordiCHI06-p78-mackenzie,NordiCHI08-p407-atterer,NordiCHI08-p451-das,NordiCHI10-p422-salimun,NSPW05-p45-thorpe,OZCHI06-p261-ham,OZCHI07-p199-de_luca,OZCHI09-p301-ali,SAC02-p627-chan,SAC02-p634-sweeney,SAC02-p1060-komura,SAC06-p1118-shapira,SAICSIT04-p284-devilliers,SAICSIT10-p376-koschmoder,SenSys04-p310-shih,SIGIR02-p365-dziadosz,SIGIR04-p478-granka,SIGIR05-p154-joachims,SIGIR05-p649-sharma,SIGIR06-p597-alonso,SIGIR06-p649-he,SIGIR06-p703-teevan,SIGIR07-p87-wang,SIGIR07-p151-teevan,SIGIR07-p255-white,SIGIR07-p471-najork,SIGIR07-p797-yinghao,SIGIR08-p387,SIGIR08-p707,SIGIR08-p847,SIGIR09-p43,SIGIR09-p824,SIGIR10-p26,SIGIR10-p34,SIGIR10-p42,SIGIR10-p122,SIGIR10-p130,SIGIR10-p499,SIGIR10-p731,SIGIR10-p845,SIGIR10-p867,SIGUCCS-p201-linckels,SOUPS07-p13-kumar,TEI08-p151-price,Ubicomp10-p241-grimes,Ubicomp10-p413-korn,UIST00-p101-sibert,UIST07-p213-kumar,W4A07-p35-zajicek,W4A07-p54-sayago,W4A07-p138-kelly,W4A08-p83-abou-zahra,W4A08-p109-reid,W4A09-p1-arch,W4A09-p79-sayago,W4A09-p104-sayago,W4A09-p114-leitner,W4A10-a35-sloan,WIDM07-p145-hu,WIDM09-p91-iwata,WikiSym09-a11-stuckman,WikiSym10-a18-west,WSDM09-p44-koolen,WSDM09-p94-adar,WSDM09-p132-white,WSDM09-p162-piwowarski,WSDM09-p232-kamps,WSDM10-p181-dupret,WSDM10-p211-wang,WSDM10-p221-hassan,WWW06-p203-atterer,WWW06-p843-kellar,WWW07-p629-kumar,WWW07-p1329-gotz,WWW08-p21-li,WWW08-p257-yi,WWW09-p731-brandes,WWW09-p801-kamvar,WWW09-p1119-lee,WWW09-p1197-yan,WWW10-p911-song,WWW10-p1111-holub
R26,AVI06-p476-bonifaci,ITiCSE01-p101-khuri,ITiCSE05-p281-krebs,ITiCSE06-p357-bruce-lockhart,ITiCSE07-p256-lahtinen,ITiCSE07-p296-crescenzi,ITiCSE08-p174-furcy,ITiCSE08-p355-lauer,SAC02-p771-naharro-berroccal,SIGCSE04-p90-fernandes,SIGCSE07-p155-carson,SIGCSE09-p494-taylor,SoftVis03-p87-grissom,SoftVis06-p17-blumenkrants,SoftVis06-p77-karavirta,SoftVis06-p153-baloukas,SoftVis06-p183-rhodes,SoftVis08-p135-subrahmaniyan,SoftVis08-p211-thompson,SoftVis10-p205-medani,,,,,,,,,,,,,,,,,,,,,,,,,,,,,,,,,,,,,,,,,,,,,,,,,,,,,,,,,,,,,,,,,,,,,,,,,,,,,,,,,,,,,,,,,,,,,,,,,,,,,,,,,,,,,,,,,,,,,,,,,,,,,,,,,,,,,,,,,,,,,,,,,,,,,,,,,,,,,,,,,,,,,,,,,,,,,,,,,,,,,,,,,,,,,,,,,,,,,,,,,,,,,,,,,,,,,,,,,,,,,
R27,AND07-p25-gielissen,AND09-p69-gotscharek,AND10-p3-dejean,CHI10-p2399-downs,CIKM03-p469-li,CIKM03-p540-lalmas,CIKM03-p560-nallapati,CIKM04-p238-ravindran,CIKM04-p361-piwowarski,CIKM04-p371-sigurbjornsson,CIKM05-p4-kamps,CIKM05-p12-mihajlovic,CIKM05-p20-arvola,CIKM05-p283-wu,CIKM05-p291-ramirez,CIKM05-p307-kamps,CIKM05-p309-vu,CIKM06-p84-ogilvie,CIKM06-p102-yilmaz,CIKM06-p493-bailey,CIKM06-p780-hlaoua,CIKM07-p157,CIKM07-p545,CIKM08-p53,CIKM08-p1153,CIKM08-p1349,CIKM08-p1431,CIKM09-p57,CIKM09-p147,CIKM09-p977,CIKM09-p1701,CIKM09-p1725,CIKM09-p1999,CIKM09-p2095,CIKM09-p2103,CIKM10-p69,CIKM10-p1079,CIKM10-p1289,CIKM10-p1517,CIKM10-p1537,CIVR07-p81-delezoide,CIVR08-p113-wang,CIVR09-a47-urruty,DocEng09-p193-gotscharek,HT10-p235-bernstein,IDEAS09-p182-ribeiro,IIiX10-p75-sondhi,JCDL02-p160-hauptmann,JCDL07-p333-ernst-gerlach,MIR03-p144-shen,SAC02-p668-ko,SAC05-p759-lopresti,SAC06-p1043-pirkola,SAC07-p829-ding,SAC08-p1101-vercoustre,SIGIR02-p375-eguchi,SIGIR02-p448-keskustalo,SIGIR03-p367-davison,SIGIR03-p459-eiron,SIGIR04-p80-kamps,SIGIR04-p88-liu,SIGIR04-p554-sigurbjornsson,SIGIR05-p314-clarke,SIGIR05-p416-craswell,SIGIR06-p43-balog,SIGIR06-p154-diaz,SIGIR06-p611-betsi,SIGIR06-p693-ramirez,SIGIR06-p709-trotman,SIGIR06-p725-blok,SIGIR06-p709-trotman,SIGIR06-p711-trotman,SIGIR07-p471-najork,SIGIR07-p671-bast,SIGIR07-p723-kamps,SIGIR07-p749-kamps,SIGIR07-p839-sanderson,SIGIR07-p851-popovici,SIGIR08-p1,SIGIR08-p611,SIGIR08-p755,SIGIR08-p763,SIGIR08-p845,SIGIR08-p847,SIGIR08-p895,SIGIR08-p898,SIGIR09-p51,SIGIR09-p219,SIGIR09-p227,SIGIR09-p452,SIGIR09-p459,SIGIR09-p580,SIGIR09-p678,SIGIR09-p698,SIGIR09-p718,SIGIR09-p762,SIGIR09-p824,SIGIR09-p832,SIGIR09-p832,SIGIR10-p122,SIGIR10-p427,SIGIR10-p563,SIGIR10-p781,SIGIR10-p793,SIGIR10-p839,SIGIR10-p843,SIGIR10-p869,SIGMOD06-p790-kandogan,VLDB05-p361-amer-yahia,WI04-21000648,WI07-30260295,WIDM07-p145-hu,WikiSym09-a27-ganjisaffar,WSDM09-p232-kamps,WSDM10-p41-dang,WWW07-p491-zhu,WWW07-p1331-huang,WWW08-p337-fujii,WWW09-p1119-lee,WWW09-p1221-lizorkin,WWW10-p771-pound,,,,,,,,,,,,,,,,,,,,,,,,,,,,,,,,,,,,,,,,,,,,,,,,,,,,,,,,,,,,,,,,,,,,,,,,,,,,,,,,,,,,,,,,,,,,,,,,,,,,,,,,,,,,,,,,,,,,,,,,
R28,CHI06-p701-kamvar,CIKM02-p507-glover,CIKM03-p378-fisher,CIKM04-p118-xue,CIKM04-p361-piwowarski,CIKM04-p501-niu,CIKM05-p12-mihajlovic,CIKM05-p20-arvola,CIKM06-p84-ogilvie,CIKM06-p862-cheng,CIKM07-p701,CIKM08-p43,CIKM08-p73,CIKM08-p449,CIKM08-p469,CIKM08-p479,CIKM08-p609,CIKM08-p699,CIKM08-p1123,CIKM08-p1143,CIKM08-p1153,CIKM09-p67,CIKM09-p77,CIKM09-p505,CIKM09-p641,CIKM09-p741,CIKM09-p767,CIKM09-p1347,CIKM09-p1549,CIKM09-p1601,CIKM09-p1629,CIKM09-p1733,CIKM09-p1883,CIKM09-p1923,CIKM09-p1991,CIKM09-p2007,CIKM09-p2029,CIKM09-p2061,CIKM10-p439,CIKM10-p639,CIKM10-p989,CIKM10-p1149,CIKM10-p1473,CIKM10-p1501,CIKM10-p1561,CIKM10-p1593,CIKM10-p1849,CIKM10-p1897,CIKM10-p1921,CIVR10-p274-vrochidis,dgo06-p167-treeratpituk,HT07-p37-wells,HT07-p217-halvey,ICEC09-p240-hwang,ICML08-p512-lan,ICML09-p281-doyle,ICML09-p1201-yue,IIiX06-p46-hammer-aebi,IIiX10-p65-thomas,IMC06-p245-kammenhuber,IUI07-p357-obrien,JCDL02-p94-vieira,JCDL04-p386-caidi,JCDL09-p105-murata,JCDL10-p303,KDD02-p469-chung,KDD03-p547-houle,KDD05-p13-dasgupta,KDD05-p239-radlinski,KDD06-p902-agichtein,KDD07-p76-baeza-yates,KDD07-p570-radlinski,KDD09-p537-liu,KDD09-p1067-attenberg,KDD09-p1355-wang,KDD10-p223-srikant,LOCWEB08-p49-gan,MIR10-p517-seneviratne,MM05-p547-truran,MM09-p1117-kofler,MobileHCI08-p13-church,OZCHI09-p301-ali,SAC08-p1169-takano,SIGIR00-p216-ando,SIGIR00-p392-preminger,SIGIR01-p154-ando,SIGIR02-p307-allan,SIGIR02-p449-fuhr,SIGIR03-p198-nanas,SIGIR03-p457-lawrie,SIGIR04-p72-kazai,SIGIR04-p80-kamps,SIGIR04-p104-kokiopoulou,SIGIR04-p478-granka,SIGIR04-p526-nemeth,SIGIR04-p580-aery,SIGIR05-p11-bast,SIGIR05-p154-joachims,SIGIR05-p314-clarke,SIGIR06-p3-agichtein,SIGIR06-p19-agichtein,SIGIR06-p260-piwowarski,SIGIR06-p276-soboroff,SIGIR06-p611-betsi,SIGIR06-p709-trotman,SIGIR06-p711-trotman,SIGIR07-p87-wang,SIGIR07-p135-clarke,SIGIR07-p239-szummer,SIGIR07-p287-zheng,SIGIR07-p431-yang,SIGIR07-p463-gao,SIGIR07-p567-huffman,SIGIR07-p749-kamps,SIGIR07-p755-efron,SIGIR07-p765-xu,SIGIR07-p773-almaskari,SIGIR08-p275,SIGIR08-p331,SIGIR08-p339,SIGIR08-p707,SIGIR08-p709-trotman,SIGIR09-p3,SIGIR09-p35,SIGIR09-p323,SIGIR09-p339,SIGIR09-p355,SIGIR09-p452,SIGIR09-p460,SIGIR09-p508,SIGIR09-p580,SIGIR09-p666,SIGIR09-p676,SIGIR09-p853,SIGIR10-p34,SIGIR10-p66,SIGIR10-p106,SIGIR10-p130,SIGIR10-p138,SIGIR10-p355,SIGIR10-p379,SIGIR10-p507,SIGIR10-p667,SIGIR10-p761,SIGIR10-p803,SIGIR10-p867,SIGIR10-p910,WI07-30260235,WI07-30260321,WIDM04-p112-khoussainov,WIDM06-p51-desai,WIDM08-p1-hu,WIDM08-p47-marin,WIDM08-p125-giannopoulos,WIDM09-p7-stamou,WSDM08-p87-craswell,WSDM09-p124-guo,WSDM09-p162-piwowarski,WSDM09-p172-agrawal,WSDM10-p11-dong,WSDM10-p151-moon,WSDM10-p171-xu,WSDM10-p211-wang,WSDM10-p221-hassan,WSDM10-p321-zhu,WWW04-p658-kummamuru,WWW05-p391-lee,WWW06-p543-zhao,WWW06-p829-dai,WWW06-p1039-zhang,WWW07-p21-white,WWW07-p491-zhu,WWW07-p511-ali,WWW07-p521-richardson,WWW07-p1149-jansen,WWW07-p1223-sekine,WWW08-p51-bilenko,WWW08-p61-fuxman,WWW08-p257-yi,WWW08-p397-jin,WWW08-p467-bian,WWW08-p885-sadagopan,WWW08-p1039-liu,WWW08-p1049-liu,WWW08-p1135-banerjee,WWW09-p1-chapelle,WWW09-p11-guo,WWW09-p1231-parikh,WWW10-p1-agarwal,WWW10-p291-danescu-niculescu-mizil,WWW10-p321-donato,WWW10-p331-dong,WWW10-p501-kang,WWW10-p561-kumar,WWW10-p901-song,WWW10-p1001-yin,WWW10-p1011-yue,WWW10-p1113-hua,WWW10-p1343-dasdan,,,,,,,,,,,,,,,,,,,,,,,,,,,,,,,,,,,,,,,,,,
R29,ACMSE05-p333-preston,AINTEC08-p37-kanchanasut,CHANTS07-p27-nelson,CIKM07-p563,CIKM08-p1351,CIKM09-p867,CIKM09-p1967,CIKM10-p499,CoNEXT06-46-peddemors,CSCW04-p11-yang,CSCW04-p457-li,CSCW06-p279-sun,DEBS03-2-hinze,DIALM05-p44-funke,EDBT09-p481-cheng,EDBT09-p493-xiao,GIS09-p227-verma,GROUP05-p264-gu,GROUP05-p284-li,GROUP07-p157-gu,ICEC06-p427-guo,IMC08-p105-shrivastava,IWCMC09-p815-yang,KDD06-p357-rattigan,MM05-p279-roczniak,MobiCom07-p306-dong,MobiHoc08-p447-zhang,MobiHoc10-p161-kermarrec,MobiHoc10-p191-tan,Mobility09-a17-hsu,MSWIM07-p4-aschenbruck,MSWIM10-p266-schwamborn,PEWASUN10-p50-gazoni,PODC07-p348-li,SAC00-p301-anwar,SenSys08-p385-ghica,SIGUCCS09-p313-sharpe,SODA05-p287-flaxman,SODA08-p436-duan,SODA09-p150-eppstein,WiSec08-p89-dong,WMASH0-p100-kraaier,WSC09-p2457-thulasidasan,,,,,,,,,,,,,,,,,,,,,,,,,,,,,,,,,,,,,,,,,,,,,,,,,,,,,,,,,,,,,,,,,,,,,,,,,,,,,,,,,,,,,,,,,,,,,,,,,,,,,,,,,,,,,,,,,,,,,,,,,,,,,,,,,,,,,,,,,,,,,,,,,,,,,,,,,,,,,,,,,,,,,,,,,,,,,,,,,,,,,,,,,,,,,,,,,,,,,,
R30,AINTEC09-p3-pham,CHANTS06-p205-leguay,CHANTS06-p213-chen,CHANTS06-p245-jun,CHANTS07-p75-may,CHANTS07-p93-yoneki,CHANTS08-p27-shin,CHANTS08-p33-karvo,CoNext07-a12-chaintreau,CoNext10-a22-bharti,CoNext10-a25-wittie,EuroSys09-p205-wilson,IMC03-p248-roughan,IMC04-p149-gunnar,IMC04-p322-feldmann,IMC05-p12-chang,IMC05-p31-soule,IMC08-p331-rincon,IMC09-p35-schneider,IMC09-p49-benevenuto,IMC09-p63-nazir,IMC10-p404-zhou,IWCMC06-p557-liao,IWCMC10-p326-casas,MineNet05-p205-cai,MobiArch07-a7-hui,MobiCom07-p159-cai,MobiCom08-p58-mcnamara,MobiHoc03-p257-duboisferriere,MobiHoc07-p32-daly,MobiHoc08-p351-liu,MobiHoc09-p95-yuan,MobiHoc09-p105-liu,MobiHoc09-p299-gao,MSWIM09-p280-wen,SAC09-p40-de_oliveira,SIGCOMM03-p301-zhang,SIGCOMM07-p373-balasubramanian,SIGCOMM09-p267-zhang,SIGCOMM10-p375-pujol,SIGMETRICS03-p206-zhang,SIGMETRICS04-p73-soule,SIGMETRICS05-p362-soule,SIGMETRICS06-p133-zhao,SIGMETRICS09-p229-laoutaris,SIGMOD10-p831-silberstein,SIGSOFT08-p350-livshits,STOC07-p681-donovan,TAPIA09-p70-chery,,,,,,,,,,,,,,,,,,,,,,,,,,,,,,,,,,,,,,,,,,,,,,,,,,,,,,,,,,,,,,,,,,,,,,,,,,,,,,,,,,,,,,,,,,,,,,,,,,,,,,,,,,,,,,,,,,,,,,,,,,,,,,,,,,,,,,,,,,,,,,,,,,,,,,,,,,,,,,,,,,,,,,,,,,,,,,,,,,,,,,,,,,,,,,,,
R31,AAMAS07-a50-miles,CIKM02-p177-amiri,CIKM08-p1329,CIKM09-p681,CIVR08-p17-wang,DEBS10-p113-alves,DMSN05-p21-aly,DMSN07-p37-ahmad,DOLAP09-p57-thiele,EDBT08-p157-ivanova,EDBT09-p36-scholl,EDBT09-p862-mishra,EDBT10-p299-missier,EDBT10-p701-maier,GECCO05-p1819-mellor,GECCO10-p1023-puig,GIS04-p118-fornari,GRID06-04100480,GRID08-04662795,GRID08-04662805,HPDC09-p1-yi,HPDC09-p81-hironaka,HPDC09-p197-scholl,HPDC09-p207-raicu,HPDC10-p227-gehani,HPDC10-p613-gehani,HPDC10-p766-bui,IMC03-p115-wei,IMC04-p175-tsang,JCDL08-p134-janee,JCDL09-p345-antunes,JCDL10-p29,JCDL10-p399,MGC04-p29-fontes,MineNet06-p305-lee,MineNet07-p23-matray,MM07-p775-chattopadhyay,MobiHoc00-p75-jonsson,PLDI10-p363-chambers,PODS03-p244-heeren,SAC04-1196,SC01-p53-andrade,SC07-a23-perlman,SC10-75590040,SIGCOMM06-p219-zhao,SIGMETRICS06-p387-zhao,SIGMETRICS07-p381-deng,SIGMETRICS08-p407-jung,SIGMOD00-p451-szalay,SIGMOD01-p367-kalnis,SIGMOD02-p73-olston,SIGMOD02-p263-bruno,SIGMOD02-p570-szalay,SIGMOD02-p600-luo,SIGMOD02-p612-altinel,SIGMOD03-p662-bornhovd,SIGMOD04-p311-bruno,SIGMOD04-p647-ilyas,SIGMOD04-p815-guo,SIGMOD04-p937-guo,SIGMOD06-p683-agrawal,SIGMOD07-p175-larson,SIGMOD07-p533-zhou,SIGMOD08-p499-mishra,SIGMOD08-p765-silberstein,SIGMOD08-p791-thiagarajan,SIGMOD08-p941-bruno,SIGMOD08-p1007-heinis,SIGMOD09-p509-zhang,SIGMOD10-p615-zhou,SIGMOD10-p627-roh,SIGMOD10-p969-xu,SIGMOD10-p1183-alagiannis,SIGMOD10-p1215-vartak,StorageSS07-p13-hasan,SPAA06-p59-romein,VLDB02-p550-bright,VLDB03-p57-shah,VLDB03-p369-lim,VLDB03-p718-altinel,VLDB03-p1129-sattler,VLDB04-p1158-aboulnaga,VLDB05-p457-guo,VLDB05-p673-shah,VLDB05-p1097-bruno,VLDB05-p1187-lim,VLDB06-p1015-luo,VLDB07-p830-haas,VLDB07-p1093-papadomanolakis,VLDB07-p1116-zhang,VLDB07-p1219-lee,VLDB07-p1394-scholl,WOWMOM00-p55-omar,WWW05-p54-gupta,WWW10-p121-benson,,,,,,,,,,,,,,,,,,,,,,,,,,,,,,,,,,,,,,,,,,,,,,,,,,,,,,,,,,,,,,,,,,,,,,,,,,,,,,,,,,,,,,,,,,,,,,,,,,,,,,,,,,,,,,,,,,,,,,,,,,,,,,,,,,,,,,,,,,,,,,,,,,
R32,ACMSE05-p188-harihar,AOSD05-p111-monteiro,AOSD05-p123-cole,AOSD06-p109-cacho,AOSD08-p72-cacho,AOSD09-p111-chavez,ARM08-p51-schroter,ARM09-a5-cugola,CASCON05-p83-godil,CASCON10-p203-singh,CIKM09-p2097,CIKM10-p489,DEBS03-1-belokosztolski,DEBS07-p38-castelli,DEBS07-p128-cugola,DEBS07-p158-salvucci,DEBS07-p250-liu,DEBS08-p201-shatsky,DEBS08-p321-jerzak,DEBS09-a22-dempo,DEBS10-p160-eyers,EA06-p3-batista,ESEC05-p166-sullivan,ESEC09-p299-figueiredo,FuturePlay09-p19-drachen,FuturePlay10-p134-lameman,I3D09-p155-kovacs,ICSE05-p596-terbeek,ICSE08-p91-hoffman,ICSE10-p65-ferrari,iiWAS10-p435-braga_silva,iiWAS10-p776-silva,Middleware06-p121-ko,MobiCom05-p103-muthusamy,MSWIM07-p21-boukerche,MSWIM09-p245-villas,MSWIM10-p110-villas,PPPJ07-p63-hoffman,SAC01-p176-heimbigner,SAC08-p100-ceriotti,SAC08-p1923-frery,SIGMOD02-p621-fung,SIGMOD08-p133-liu,SIGMOD08-p1373-konstan,SIGSOFT06-p152-castorfilho,UbiComp08-p262-shin,VLDB02-p1107-liu,VLDB04-p1281-liu,VLDB05-p1279-petrovic,WWW05-p539-petrovic,WWW06-p113-jun,WWW07-p727-halaschek-wiener,WWW10-p951-vankleek,,,,,,,,,,,,,,,,,,,,,,,,,,,,,,,,,,,,,,,,,,,,,,,,,,,,,,,,,,,,,,,,,,,,,,,,,,,,,,,,,,,,,,,,,,,,,,,,,,,,,,,,,,,,,,,,,,,,,,,,,,,,,,,,,,,,,,,,,,,,,,,,,,,,,,,,,,,,,,,,,,,,,,,,,,,,,,,,,,,,,,,,,,,,
R33,CoNEXT05-p146-bitsaki,CoNEXT06-a33-lepropre,CoNEXT06-a35-gellman,CoNEXT07-a41-van_den_schrieck,CoNEXT07-a52-suchara,ICS06-p269-garg,IMC0-p36-xia,IMC09-p267-trestian,IMC10-p424-gerber,MineNet06-p311-huang,MobiCom06-p206-antunes,NOSSDAV04-p30-antonova,PODS06-p298-zhao,PODS06-p308-kashyap,PODS08-p301-sharfman,PODS10-p77-cormode,SIGCOMM01-p135-kumar,SIGCOMM03-p151-qiu,SIGCOMM08-p15-levchenko,SIGMETRICS05-p388-he,SIGMOD03-p28-babcock,SIGMOD03-p563-olston,SIGMOD05-p25-cormode,SIGMOD07-p1178-cormode,SOSP05-a02-jain,SPAA02-p63-gibbons,VLDB04-p312-das,VLDB05-p13-cormode,VLDB07-p962-jain,WSC03-p694-liljenstam,,,,,,,,,,,,,,,,,,,,,,,,,,,,,,,,,,,,,,,,,,,,,,,,,,,,,,,,,,,,,,,,,,,,,,,,,,,,,,,,,,,,,,,,,,,,,,,,,,,,,,,,,,,,,,,,,,,,,,,,,,,,,,,,,,,,,,,,,,,,,,,,,,,,,,,,,,,,,,,,,,,,,,,,,,,,,,,,,,,,,,,,,,,,,,,,,,,,,,,,,,,,,,,,,,,
R34,ASIACCS07-p117-zhang,ASPLOS10-p323-romanescu,CASES08-p1-gupta,CCS09-p477-sharif,CIVR08-p119-liu,DAC10-p108-lee,DAC10-p537-constantinides,EuroSys08-p137-kong,HotMobile08-p65-veeraraghavan,HotMobile09-a9-flinn,HPDC07-p199-hildebrand,ICSE06-p462-sohn,IMC05-p27-brik,IMC05-p29-mishra,IMC06-p53-ma,ISCA09-p105-carretero,ISCA10-p473-ansari,IWCMC09-p1253-hamouda,MICRO06-27320026,MIR08-p188-anguera,MobiArch10-p27-alperovich,MobiCom07-p318-kumar,MobiCom10-p269-giustiniano,MobileHCI05-p311-gurrin,Mobility06-a14-singh,Mobility07-p230-singh,MobiSys03-p145-carter,MobiSys03-p287-delara,MobiSys04-p70-shin,MobiSys04-p139-phan,MobiSys06-p83-amir,MobiSys06-p220-pering,MobiSys06-p233-nicholson,MobiSys06-p246-mhatre,MobiSys09-p83-veeraraghavan,MobiSys09-p95-li,MobiSys09-p277-zhu,MobiSys10-p209-balasubramanian,MobiSys10-p345-puttaswamy,MobiWac04-p19-shin,NOSSDAV05-p39-korhonen,OSDI06-p219-peek,PRESTO09-p43-giustiniano,SAC07-p880-o_hare,SC07-a27-devulapalli,SOSP05-a01-walters,SPAA02-p153-cain,StorageSS05-p44-burns,VEE08-p31-kumar,VEE08-p101-jansen,VSSN04-p72-pillai,VTDC09-p59-nocentino,WMASH03-p10-efstathiou,WMASH04-p29-bensalem,WMASH04-p51-bargh,WMASH05-p56-brunato,WOWMOM06-25930181,WOWMOM06-25930581,WWW07-p1285-dalal,,,,,,,,,,,,,,,,,,,,,,,,,,,,,,,,,,,,,,,,,,,,,,,,,,,,,,,,,,,,,,,,,,,,,,,,,,,,,,,,,,,,,,,,,,,,,,,,,,,,,,,,,,,,,,,,,,,,,,,,,,,,,,,,,,,,,,,,,,,,,,,,,,,,,,,,,,,,,,,,,,,,,,,,,,,,,,,,,,,,,,
R35,CHI07-p867-song,CHI08-p29-fogarty,CIKM01-p568-bauer,CIKM02-p461-shah,CIKM02-p648-wu,CIKM03-p2-billerbeck,CIKM05-p335-torres,CIKM06-p238-li,CIKM06-p397-zigoris,CIKM06-p866-melucci,CIKM07-p351,CIKM07-p633,CIKM07-p857,CIKM07-p1003,CIKM07-p1015,CIKM08-p1323,CIKM08-p1375,CIKM08-p1429,CIKM09-p797,CIKM09-p977,CIKM09-p1227,CIKM09-p1769,CIKM10-p69,CIKM10-p519,CIKM10-p619,CIKM10-p969,CIKM10-p1079,CIKM10-p1609,CIVR07-p73-yang,CIVR07-p266-huurnink,CIVR07-p472-takeuchi,CIVR07-p486-christel,CIVR08-p447-christel,CIVR08-p485-rooij,CIVR08-p551-adcock,CIVR08-p561-rooij,CIVR09-a2-wilkins,CIVR09-a8-havley,CIVR09-a15-wei,CIVR09-a18-chu,CIVR09-a51-zheng,CIVR09-a54-vrochidis,CIVR09-a55-ayache,CIVR10-p66-yuan,CIVR10-p274-vrochidis,CSCW08-p485-evans,DocEng08-p298-pimentel,DocEng10-p17-faga,ETRA10-p37-zhang,ETRA10-p299-kammerer,EuroITV09-p67-motti,EuroITV10-p47-vandenheuvel,HT05-p286-buerger,HT07-p77-zhou,HT07-p217-halvey,HT09-p119-steichen,HT09-p251-auyeung,IIiX08-p152-terai,iiWAS09-p130-tomassen,IUI00-p272-tatemura,IUI07-p180-cimiano,IUI09-p419-girgensohn,JCDL08-p201-cunningham,JCDL08-p221-villa,JCDL08-p440-pickens,JCDL09-p29-edvardsen,JCDL09-p87-halvey,JCDL09-p105-murata,JCDL09-p125-clarkson,JCDL09-p345-antunes,JCDL10-p303,KCAP09-p17-lopez,KDD04-p306-steyvers,KDD08-p7-anagnostopoulos,KDD08-p160-crandall,KDD09-p807-tang,KDD10-p959-yin,MIR04-p69-pan,MIR05-p3-jaimes,MIR05-p17-amir,MIR07-p177-huurnink,MIR07-p323-hopfgartner,MIR08-p371-rohr,MIR08-p459-huurnink,MIR10-p385-ayache,MIR10-p487-ramzan,MM02-p243-wang,MM05-p221-mei,MM07-p261-vinciarelli,MM07-p707-christel,MM07-p811-derooij,MM08-p189-olivares,MM08-p339-hopfgartner,MM08-p489-villa,MM08-p877-villa,MM08-p1085-lux,MM09-p213-zhang,MM09-p833-biel,MM09-p1161-boll,MM10-p421-hong,MM10-p963-hurst,MM10-p967-zheng,MM10-p1103-yi,MobileHCI07-p367-hurst,OZCHI-p301-ali,RecSys07-p57-zhang,RecSys08-p51-zanardi,RecSys08-p131-yildirim,RecSys08-p211-krishnan,RecSys08-p311-lee,RecSys08-p259-shepitsen,RecSys09-p45-gemmell,RecSys09-p61-krestel,RecSys09-p181-jamali,RecSys10-p143-zhao,RecSys10-p225-burke,RecSys10-p237-cantador,RecSys10-p297-marx,RecSys10-p361-p361-musto,SAC05-p1011-baziz,SAC07-p1346-immaneni,SAC08-p1101-vercoustre,SAC08-p1117-pasca,SAC08-p1246-cattelan,SAC09-p670-schmidt,SAC10-p1446-d_amato,SAC10-p1723-durao,SAC10-p1884-ryu,SIGIR01-p267-manmatha,SIGIR01-p285-arampatzis,SIGIR01-p294-zhang,SIGIR01-p386-montague,SIGIR02-p159-mcnamee,SIGIR02-p413-shou,SIGIR03-p213-ruthven,SIGIR03-p387-billerbeck,SIGIR04-p595-white,SIGIR05-p35-white,SIGIR05-p43-shen,SIGIR05-p178-chirita,SIGIR05-p441-freund,SIGIR05-p615-jensen,SIGIR05-p681-shen,SIGIR06-p19-agichtein,SIGIR06-p445-chucarroll,SIGIR06-p501-wang,SIGIR06-p643-fernandez,SIGIR07-p47-zhang,SIGIR07-p159-white,SIGIR07-p463-gao,SIGIR07-p511-shokouhi,SIGIR07-p671-bast,SIGIR07-p767-mei,SIGIR07-p918-buscher,SIGIR07-p924-wilkins,SIGIR08-p1,SIGIR08-p163,SIGIR08-p243,SIGIR08-p705,SIGIR08-p721,SIGIR08-p733,SIGIR08-p775,SIGIR08-p811,SIGIR08-p851,SIGIR08-p857,SIGIR09-p323,SIGIR09-p524,SIGIR09-p638,SIGIR09-p678,SIGIR09-p762,SIGIR10-p242,SIGIR10-p347,SIGIR10-p643,SIGIR10-p803,SIGIR10-p811,SIGIR10-p827,SIGIR10-p867,SISAP10-p125-zavrel,UIST00-p51-fass,WI07-30260312,WIDM04-p112-khoussainov,WIDM06-p51-desai,WIDM09-p7-stamou,WSDM08-p45-mei,WSDM08-p207-agarwal,WSDM09-p15-teevan,WSDM09-p152-xu,WSDM10-p71-wetzker,WSDM10-p241-goyal,WSDM10-p431-taneva,WWW03-p700-guha,WWW04-p374-rocha,WWW05-p453-zhang,WWW07-p81-nie,WWW07-p591-xu,WWW08-p695-leskovec,WWW08-p1023-tvarozek,WWW08-p1101-cheng,WWW08-p1147-abel,WWW08-p1165-graham,WWW08-p1241-szummer,WWW09-p381-gollapudi,WWW09-p1197-yan,WWW09-p1207-krause,WWW10-p71-bao,WWW10-p391-guan,WWW10-p881-santos,WWW10-p1171-radlinski,,,,,,,,,,,,,,,,,,,,,,,,,,,,,,,,,
R36,ACMSE08-p198-montgomery,APGV07-p134-mata,AVI08-p494-mota,BCSHCI08-p87-Satpathy,CHI03-p457-rui,CHI04-p73-tory,CHI08-p29-fogarty,CHI08-p1187-mackay,CHI10-p75-branham,CHI10-p951,CIKM08-p399,CIKM08-p561,CIKM09-p1585,CIKM09-p1713,CIKM09-p1895,CIKM10-p449,CIKM10-p529,CIKM10-p579,CIKM10-p1497,CIVR07-p464-koskela,CIVR07-p486-christel,CIVR07-p603-li,CIVR07-p627-hauptmann,CIVR08-p169-yu,CIVR08-p407-christel,CIVR08-p465-adcock,CIVR08-p551-adcock,CIVR08-p561-rooij,CIVR09-a32-decamp,DocEng06-p176-cesar,DocEng10-p37-vega,GRAPHITE03-p245-popescu,GRAPHITE06-p173-yinghui,HT05-p217-shipman,HT05-p248-gagliardi,HT07-p217-halvey,ICER05-p123-ihantola,ICER06-p1-ebel,ICLS06-p922-gane,IIiX10-p145-golovchinsky,ITiCSE02-p96-rossling,ITiCSE06-p202-lauer,ITiCSE07-p246-levy,ITiCSE07-p256-lahtinen,ITiCSE07-p296-crescenzi,ITiCSE08-p174-furcy,ITiCSE08-p355-lauer,IUI08-p276-ehlen,IUI08-p293-adams,IUI10-p389-vallet,JCDL08-p359-liew,JCDL09-p87-halvey,JCDL10-p303,KDD07-p191-crabtree,KDD07-p834-yan,KDD10-p543-he,MIR05-p121-feng,MIR08-p459-huurnink,MIR10-p339-quadrianto,MIR10-p507-chandramouli,MM01-p2-rui,MM01-p12-uchihashi,MM01-p29-slaney,MM01-p203-lu,MM02-p484-liu,MM03-p104-song,MM03-p283-ngo,MM03-p652-song,MM05-p51-haubold,MM05-p367-li,MM05-p539-jinhui,MM06-p421-snoek,MM06-p503-yang,MM06-p663-bertini,MM06-p695-vangemert,MM06-p884-luo,MM07-p455-sengamedu,MM07-p565-yavlinsky,MM07-p707-christel,MM07-p811-derooij,MM07-p981-wei,MM08-p339-hopfgartner,MM08-p459-jia,MM08-p539-junuzovic,MM08-p877-villa,MM08-p1027-li,MM09-p685-cooray,MM09-p1129-chu,MM09-p1139-imran,MM10-p241-adcock,PODS02-p121-zhang,SAC08-p1246-cattelan,SAC09-p1757-pinho,SAC09-p1784-jang,SAC09-p1821-soares,SAC10-p1884-ryu,SAC10-p1929-teixeira,SIGCSE00-p109-naps,SIGCSE00-p377-jarc,SIGCSE03-p162-akingbade,SIGCSE07-p155-carson,SIGCSE09-p494-taylor,SIGIR04-p592-fan,SIGIR07-p319-me,SIGIR08-p775,SIGIR09-p427,SIGIR10-p799,SIGIR10-p829,SIGUCCS09-p47-nagai,SoftVis03-p87-grissom,SoftVis03-p95-hubscher-younger,SoftVis06-p27-jain,SoftVis06-p77-karavirta,SPM07-p421-lindblad,UIST00-p51-fass,VRST04-p158-jerabkova,VRST09-p179-meyrueis,WCCCE09-p34-shabanah,WSC01-p905-xianglong,WSDM08-p15-chierichetti,WWW08-p1147-abel,WWW09-p1183-popescu,WWW10-p911-song,WWW10-p1083-dechoudhury,,,,,,,,,,,,,,,,,,,,,,,,,,,,,,,,,,,,,,,,,,,,,,,,,,,,,,,,,,,,,,,,,,,,,,,,,,,,,,,,,,,,,,,,,,,,,,,,,,,,,,,,,,,,,,,,,,,,,
R37,ACMSE07-p116-yuan,ASPLOS08-p319-castro,ASPLOS09-p145-hofmann,ASPLOS10-p39-harris,ASPLOS10-p143-yuan,ASPLOS10-p155-weeratunge,ASPLOS10-p271-vlachos,CCS03-p210-mackenzie,CCS06-p410-kruger,CCS07-p498-brickell,CCS07-p519-troncoso,CCS08-p223-birgisson,CCS08-p279-jung,CCS0-p491-hazay,CCS10-p485-katz,CF09-p11-pant,CGO05-22980051,CGO07-27640034,CGO08-p74-saxena,CoNext10-a6-chen,EC05-p147-frikken,EMSOFT06-p262-chakrabarti,ESEC05-p146-haran,ESEC05-p286-han,EuroSys06-p29-ho,EuroSys06-p375-yuan,EuroSys09-p61-slowinska,EuroSys09-p247-volos,EuroSys10-p83-oliveira,EuroSys10-p111-bodik,EuroSys10-p321-zamfir,ICML06-p505-kulis,ICS09-p136-shriraman,ICS09-p421-pant,ICS10-p61-baek,ICSE08-p81-yilmaz,ICSE10-p525-sumner,ISCA04-21430102,ISCA06-26080053,ISCA06-26080227,ISCA07-p24-blundell,ISCA07-p69-minh,ISCA07-p81-bobba,ISCA07-p92-ramadan,ISCA07-p104-shriraman,ISCA08-3174a115,ISCA08-3174a127,ISCA08-3174a139,ISCA10-p258-blundell,ISSTA08-p283-kannan,ITiCSE01-p153-carniani,ITiCSE02-p29-richards,KDD08-p195-davis,LCTES09-p90-mankin,MEDEA08-p69-lupon,MICRO01-p294-rajwar,MICRO05-24400130,MICRO08-04771795,MICRO09-p145-tomic,MICRO09-p156-blake,MICRO09-p493-tiwari,MMSec08-p85-bianchi,OSDI06-p29-sears,OSDI06-p117-verbowski,OSDI06-p263-zeldovich,PACT07-29440365,PACT07-29440388,PACT10-p285-zyulkyarov,PLAS09-p125-shinnar,PLAS10-a4-malecha,PLAS10-a8-li,PLDI05-p201-ayers,PLDI06-p1-carlstrom,PLDI06-p26-adl-tabatabai,PLDI06-p263-zhuang,PLDI07-p78-shpeisman,PLDI09-p235-aftandilian,PODC05-p240-scherer,PODC05-p249-hoai_ha,PODC07-p338-spear,PODC08-p125-dolev,POPL07-p31-jump,PPoPP06-p209-kumar,PPoPP07-p136-marathe,PPoPP07-p227-marathe,PPoPP08-p197-lev,PPoPP08-p163-agrawal,PPoPP08-p207-herlihy,PPoPP08-p217-mcgachey,PPoPP08-p227-marathe,PPoPP09-p25-zyulkyarov,PPoPP09-p163-ramadan,PPoPP10-p37-mannarswamy,PPoPP10-p47-rossbach,PPoPP10-p57-zyulkyarov,PPoPP10-p333-chakrabarti,PPoPP10-p349-porter,SAC10-p206-rajgarhia,SIGCSE03-SACMAT09-p237-mao,SOSP05-p191-nightingale,SOSP07-p87-rossbach,SOSP07-p237-su,SOSP07-p321-krohn,SOSP09-p103-glerum,SOSP09-p147-mammarella,SOSP09-p161-porter,SOSP09-p291-yip,SOSP09-p321-liu,SPAA07-p303-zilles,SPAA08-p35-ruwase,SPAA08-p98-luchangco,SPAA08-p169-yoo,SPAA08-p265-yoo,SPAA08-p285-welc,SPAA08-p314-menon,SPAA09-p204-tabba,WPES04-p27-frikken,,,,,,,,,,,,,,,,,,,,,,,,,,,,,,,,,,,,,,,,,,,,,,,,,,,,,,,,,,,,,,,,,,,,,,,,,,,,,,,,,,,,,,,,,,,,,,,,,,,,,,,,,,,,,,,,,,,,,,,,,,,,
R38,ASIACCS07-p4-zhang,ASIACCS09-p47-phung,CCS00-p25-felten,CCS05-p213-liang,CCS06-p37-wang,CCS06-p47-rubin,CCS06-p144-vaidya,CCS06-p179-xie,CCS06-p221-lam,CCS06-p311-newsome,CCS06-p336-ou,CCS07-p2-chen,CCS07-p58-karlof,CCS07-p139-gonzalez,CCS07-p317-caballero,CCS07-p342-ramachandran,CCS07-p562-sezer,CCS08-p3-kanich,CCS08-p63-saha,CCS08-p75-barth,CCS08-p89-oda,CCS08-p99-crites,CCS08-p299-frank,CCS08-p381-chaudhuri,CCS08-p391-cui,CCS09-p621-caballero,CCS09-p635-stone,CCS10-p426-cho,CIKM05-p255-ahonenmyka,CoNext09-p37-valancius,CoNext10-a25-wittie,DEBS07-p91-migliavacca,EuroSys06-p375-yuan,EuroSys06-p389-singh,EuroSys07-p219-zheng,EuroSys07-p355-wobber,EuroSys09-p219-reis,FMSE06-p55-naldurg,GRID05-01542743,ICML06-p721-ralaivola,ICML08-p984-sokolovska,IMC06-p41-aburajab,IMC06-p119-kannan,IMC06-p289-pang,IMC06-p313-ma,IMC07-p93-collins,IMC09-p190-krishnan,IMC10-p15-ager,IMC10-p404-zhou,IPTComm07-p79-palix,ISSTA09-p225-saxena,KDD07-p959-kohavi,KDD09-p1255-makanju,Middleware08-p1-li,MineNet05-p197-haffner,MobiCom04-p114-draves,MobiCom05-p43-kyasanur,MobiCom05-p58-alicherry,MobiCom05-p73-kodialam,MobiCom06-p378-vedantham,MobiHoc04-p222-so,MobiHoc05-p68-tang,MobiHoc06-p214-shi,MobiSys-p49-cuervo,MSWiM04-p143-baiocchi,NSPW03-p67-backes,NSPW06-p11-locasto,OSDI06-p117-verbowski,PADS02-p125-sogandares,PLAS06-p27-jovanovic,PLDI05-p295-fisher,PLDI07-p101-ha,PLDI08-p206-godefroid,PLDI09-p50-chugh,PODC01-p170-gupta,POPL06-p372-su,POPL07-p39-polishchuk,POPL07-p237-yu,PPoPP06-p221-christodolopoulou,SAC06-p330-kirda,SAC07-p538-ma,SAC08-p8-bazzan,SACMAT05-p168-schlegelmilch,SACMAT07-p139-zhang,SACMAT08-p21-molloy,SACMAT10-p13-chen,SC05-27580051,SIGCOMM00-p321-mccann,SIGCOMM04-p79-goldenberg,SIGCOMM04-p193-wang,SIGCOMM06-p435-su,SIGCOMM07-p301-xie,SIGCOMM08-p171-xie,SIGCOMM08-p207-smith,SIGCOMM09-p123-qureshi,SIGCOMM09-p315-agarwal,SIGCOMM10-p231-wendell,SIGCOMM10-p243-hajjat,SIGCOMM10-p279-li,SIGCOMM10-p375-pujol,SIGDOC04-p52-mount,SIGMETRICS04-p398-wang,SIGMETRICS06-p63-mishra,SIGMETRICS06-p363-verbowski,SIGMETRICS09-p13-pathak,SIGSOFT08-p83-lin,SIGSOFT08-p350-livshits,SoftVis08-p67-telea,SODA00-p788-gupta,SODA01-p158-hershberger,SODA02-p905-blum,SODA03-p424-bartal,SODA04-p76-kleinberg,SODA04-p468-beier,SODA05-p92-lee,SODA06-p1-vassilevske,SODA07-p541-charikar,SODA07-p1295-englert,SOSP03-p74-aguilera,SOSP05-p133-costa,SOSP05-p148-vrable,SOSP07-p1-wang,SOSP07-p17-kiciman,SOSP07-p31-chong,SOSP07-p117-costa,SOSP07-p221-crameri,SOSP07-p237-su,STOC00-p667-furer,STOC01-p237-kosaraju,STOC01-p296-spielman,STOC02-p116-papadimitriou,STOC02-p124-kontogiannis,STOC03-p232-beier,STOC03-p297-gilbert,STOC03-p547-aronov,STOC04-p111-ambainis,STOC04-p486-ajtai,STOC05-p225-badoiu,STOC06-p51-kelner,STOC07-p248-tao,STOC08-p619-feldman,STOC08-p639-haussler,STOC08-p661-barkol,STOC08-p779-frieze,STOC09-p167-goldwasser,STOC10-p795-akavia,WORM06-p17-jiang,WORM06-p65-gopalan,WPES08-p45-reeder,WWW04-p40-huang,WWW06-p737-jackson,WWW07-p341-yang,WWW07-p601-jim,WWW07-p611-jackson,WWW08-p535-dekeukelaere,WWW09-p561-guha,WWW09-p961-yue,WWW10-p721-meyerovich,,,,,,,,,,,,,,,,,,,,,,,,,,,,,,,,,,,,,,,,,,,,,,,,,,,,,,,,,,,,,,,,,,,,,,,,,,,,,,,,,,,
R39,ASPDAC09-p606-hsieh,ASPDAC09-p618-lee,ASPLOS08-p255-wells,ASPLOS08-p265-li,ASPLOS09-p169-wells,ASPLOS10-p3-ipek,ASPLOS10-p323-romanescu,ASPLOS10-p397-yoon,CASES06-p368-hempstead,CASES06-p411-lee,CASES06-p421-blome,CASES08-p1-gupta,CASES08-p11-yang,CASES09-p251-sasan,CASES10-p237-chakraborty,CF10-p77-chiu,CF10-p319-borodin,CODES04-p194-shrivastava,CODES08-p209-ogg,DAC02-p653-vrudhula,DAC03-p548-chen,DAC06-p176-mcpherson,DAC06-p344-wagner,DAC06-p393-psarakis,DAC08-p980-jiang,DAC09-p658-papiria,DAC09-p812-fick,DAC09-p927-chen,DAC10-p537-constantinides,DATE03-187010602,DATE05-228810300,DATE06-p587-robelly,DATE06-p1073-ma,DATE06-p1282-kim,DATE07-p1146-mehrara,DATE07-p1581-pan,DATE08-p885-li,DATE08-p1438-raghavendra,DATE09-p63-yang,DATE09-p743-roberts,DATE09-p1367-lee,DATE10-p580-zhuo,DATE10-p861-das,DATE10-p1023-carter,EMSOFT05-p203-yan,EuroSys10-p139-saez,CGO05-22980243,GLSVLSI07-p132-fernandez,GLSVLSI09-p221-zhang,GLSVLSI10-p85-pant,GLSVLSI10-p143-subramanyan,GLSVLSI10-p397-khan,ICCAD09-p201-li,ICS04-p12-zhang,ICS08-p155-bronevetsky,ISCA04-21430264,ISCA04-21430276,ISCA05-22700160,ISCA05-22700520,ISCA07-p323-tiwari,ISCA07-p460-wang,ISCA07-p470-aggarwal,ISCA07-p516-walcott,ISCA08-3174a353,ISCA09-p93-powell,ISCA09-p105-carretero,ISCA09-p116-yoon,ISCA09-p474-madriles,ISCA10-p2-watanabe,ISCA10-p14-gibson,ISCA10-p83-wilkerson,ISCA10-p141-schechter,ISCA10-p326-soundararajan,ISCA10-p383-seong,ISCA10-p473-ansari,ISCA10-p497-dekruijf,ISLPED03-p366-lee,ISLPED06-p262-meng,ISLPED08-p351-soundararajan,ISLPED09-p307-ansari,LCTES06-p173-park,LCTES08-p41-cho,LCTES09-p41-lee,LCTES10-p143-shrivastava,MICRO04-21260195,MICRO04-21260257,MICRO05-24400197,MICRO06-27320015,MICRO06-27320223,MICRO07-30470097,MICRO07-30470109,MICRO07-30470197,MICRO08-04771786,MICRO08-04771798,MICRO09-p2-zhang,MICRO09-p89-chishti,MICRO09-p111-abella,MICRO09-p122-sastry_hari,MICRO10-4299a325,MICRO10-4299a351,PACT06-p64-kumar,PACT07-29440073,PACT07-29440083,PACT08-p43-romanescu,PACT10-p261-navada,PACT10-p453-luo,PACT10-p571-gupta,PPoPP01-p2-kim,SAC08-p1528-lu,SC09-a49-yoon,SIGMETRICS06-p375-bower,SLIP05-p81-lienig,SPAA08-p104-gupta,,,,,,,,,,,,,,,,,,,,,,,,,,,,,,,,,,,,,,,,,,,,,,,,,,,,,,,,,,,,,,,,,,,,,,,,,,,,,,,,,,,,,,,,,,,,,,,,,,,,,,,,,,,,,,,,,,,,,,,,,,,,,,,,
R40,ASPLOS09-p253-suleman,ASPDAC02-14410113,ASPDAC04-p834-cha,ASPDAC05-p1280-xie,CASES02-p202-melvin,CASES08-p187-chakrapani,CASES09-p1-palem,CF05-p211-moseley,CF08-p67-perfumo,CF09-p11-pant,CGO07-27640034,CGO07-27640312,CGO10-p101-gottschlich,DAC07-p262-solomatnikov,DAC10-p555-chippa,DAC10-p865-chakradhar,DATE07-p3-njoroge,DATE08-p740-certner,DATE10-p335-narayanan,DATE10-p1110-chakrapani,EMSOFT05-p335-oberthuer,FPGA07-p116-wee,GLSVLSI03-p198-macii,ICAC10-p79-hoffmann,ICCAD02-p609-lyuh,ICFP10-p157-reed,ICS05-p199-chafi,ICS06-p324-rinard,ICS09-p46-dusser,ICS09-p117-chung,ICS09-p136-shriraman,ICS09-p421-pant,ISCA04-21430102,ISCA06-26080053,ISCA06-26080227,ISCA07-p24-blundell,ISCA07-p69-minh,ISCA07-p81-bobba,ISCA07-p92-ramadan,ISCA07-p104-shriraman,ISCA07-p266-wenisch,ISCA07-p278-ceze,ISCA08-3174a115,ISCA08-3174a127,ISCA08-3174a139,ISCA09-p233-blundell,ISCA10-p258-blundell,ISCA10-p497-dekruijf,ICSE10-p25-misailovic,ISLPED10-p419-park,ISSTA10-p37-carbin,MEDEA07-p81-milovanovic,MEDEA08-p61-zyulkyarov,MEDEA08-p69-lupon,MICRO08-04771795,MICRO08-04771801,MICRO09-p145-tomic,MICRO10-4299a027,MICRO10-4299a447,MSPC08-p6-ceze,MSPC08-p11-burcea,PACT06-p134-manovit,PACT07-29440388,PACT08-p144-pugsley,PLDI06-p26-adl-tabatabai,PLDI07-p78-shpeisman,PODC07-p338-spear,PODC10-p71-bieniusa,POPL09-p213-bronson,POPL10-p57-chaudhuri,PPoPP05-p277-thomas,PPoPP06-p198-manassiev,PPoPP06-p209-kumar,PPoPP07-p56-carlstrom,PPoPP07-p136-marathe,PPoPP08-p163-agrawal,PPoPP08-p197-lev,PPoPP08-p227-marathe,PPoPP09-p15-kang,PPoPP09-p185-abadi,PPoPP10-p37-mannarswamy,PPoPP10-p91-barreto,SOSP07-p87-rossbach,SPAA06-p329-moreshet,SPAA07-p303-zilles,SPAA08-p104-gupta,SPAA08-p107-khan,SPAA08-p160-koskinen,SPAA08-p169-yoo,SPAA08-p265-yoo,SPAA08-p314-menon,SPAA08-p366-chung,SPAA09-p49-shpeisman,SPAA09-p204-tabba,SPAA09-p214-p214-dragojevic,SPAA10-p263-guerraoui,STOC05-p723-jayanti,VEE07-p22-su,WSC08-p2700-wang,,,,,,,,,,,,,,,,,,,,,,,,,,,,,,,,,,,,,,,,,,,,,,,,,,,,,,,,,,,,,,,,,,,,,,,,,,,,,,,,,,,,,,,,,,,,,,,,,,,,,,,,,,,,,,,,,,,,,,,,,,,,,,,,,,,,,,,,,,,,,,
R41,AAMAS05-p868-jamali,AAMAS08-p895-paruchuri,AAMAS10-p1661-seuken,AINTEC08-p65-ngiwlay,ANCS05-p153-kortebi,AVI06-p177-wiedenbeck,BCSHCI08-p121-chiasson,CASES06-p242-bonzini,CCS04-p236-roth,CCS05-p364-narayanan,CCS05-p373-zhuang,CCS07-p36-dunphy,CCS08-p3-kanich,CCS08-p469-laxton,CCS09-p324-freudiger,CCS09-p500-chiasson,CCS10-p97-halevi,CCS10-p162-weir,CCS10-p176-zhang,CHI10-p315-seuken,CCS10-p630-fang,CCS10-p678-fookune,CHI03-p153-coventry,CHI07-p887-moncur,CHI08-p183-sasamoto,CHI09-p889-everitt,CHI09-p913-deluca,CHI09-p1983-schechter,CHI10-p315-seuken,CHI10-p363-villamarin-salomon,CHI10-p383-inglesant,CHI10-p1089-bianchi,CHI10-p1093-kim,CHI10-p1103-deluca,CHI10-p1107-forget,DAC06-p445-verma,DIM07-p1-shay,EC05-p117-feldman,EC06-p140-friedman,EC06-p280-schosser,EC06-p296-valiant,EC07-p124-schosser,EC07-p305-kash,EC08-p150-judd,EC08-p160-grossklags,EC08-p264-awerbuch,EC08-p294-meier,EC10-p73-bhalgat,Eurosys06-p359-handurukande,Eurosys08-p261-ronda,EW04-p20-handurukande,ICEC04-p556-wang,ICEC04-p575-lukkari,ICEC06-p319-lee,ICEC07-p7-wash,ICEC08-a4-jian,ICMI-MLMI07-p236-govindarajulu,ICS04-p336-petrou,IDTRUST08-p8-noor,IMC04-p55-klemm,IMC04-p121-karagiannis,IMC05-p6-karagiannis,IMC06-p189-stutzbach,IMC10-p315-dhamdhere,InfoSecCD07-a25-fumey-nassah,LCTES07-p83-bennett,MM06-p327-qureshi,Mobility06-a33-zhang,Mobility09-a1-lehdonvirta,MobiSys09-p291-balan,NordiCHI08-p383-weiss,NordiCHI08-p455-de_luca,NSPW01-p127-yan,NSPW05-p45-thorpe,NSPW06-p3-ford,NSPW07-p1-mannan,NSPW08-p59-herley,NSPW10-p143-molnar,OZCHI07-p199-de_luca,OZCHI09-p401-de_luca,PODC05-p302-giakkoupis,PODC06-p35-moscibroda,PODC07-p292-demaine,PODC08-p13-druschel,PODC10-p229-kliemann,SAC04-p425-waldmann,SAC06-p1875-benevenuto,SAC07-p1586-costa,SAC10-p621-sorniotti,SIGCOMM03-p407-chawathe,SIGCOMM06-p207-cho,SIGMIS06-p253-lai,SIGMETRICS00-p23-sahu,SIGMETRICS05-p38-dumitriu,SIGMETRICS06-p335-kumar,SIGMETRICS08-p37-lelarge,SODA03-p761-andelman,SODA06-p961-arthur,SODA09-p815-caragiannis,SOUPS05-p1-wiedenbeck,SOUPS06-p32-yee,SOUPS06-p44-gaw,SOUPS06-p56-tari,SOUPS06-p67-ku,SOUPS07-p1-chiasson,SOUPS07-p13-kumar,SOUPS07-p20-dirik,SOUPS07-p145-bethencourt,SOUPS07-p151-forget,SOUPS07-p161-lin,SOUPS08-p1-forget,SOUPS08-p24-dunphy,SOUPS08-p35-hayashi,SOUPS09-a7-de_luca,SOUPS10-a3-dunphy,SOUPS10-a10-florencio,SOUPS10-a14-jedrzejczyk,SOUPS10-a16-de_luca,SPAA08-p70-charikar,STOC08-p355-skopalik,StorageSS05-p123-jammalamadaka,TEI07-p259-pering,UIST04-p157-patel,WI06-274700572,WI07-30260500,WPES06-p109-cvrcek,WPES09-p41-chen,WWW05-p471-halderman,WWW07-p657-florencio,WWW07-p1215-lee,WWW08-p209-grossklags,,,,,,,,,,,,,,,,,,,,,,,,,,,,,,,,,,,,,,,,,,,,,,,,,,,,,,,,,,,,,,,,,,,,,,,,,,,,,,,,,,,,,,,,,,,,,,,,,,,,,,,,,,,,,,
R42,ASIACCS10-p15-magazinius,CCS09-p79-bohannon,PLAS10-a3-austin,PLDI09-p50-chugh,PLDI10-p1-richards,SAC09-p1859-furr,WWW09-p561-guha,WWW09-p961-yue,,,,,,,,,,,,,,,,,,,,,,,,,,,,,,,,,,,,,,,,,,,,,,,,,,,,,,,,,,,,,,,,,,,,,,,,,,,,,,,,,,,,,,,,,,,,,,,,,,,,,,,,,,,,,,,,,,,,,,,,,,,,,,,,,,,,,,,,,,,,,,,,,,,,,,,,,,,,,,,,,,,,,,,,,,,,,,,,,,,,,,,,,,,,,,,,,,,,,,,,,,,,,,,,,,,,,,,,,,,,,,,,,,,,,,,,,
R43,AOSD06-p158-coelho,AOSD10-p97-horie,ASE07-p134-majumdar,ASE07-p154-ubayashi,ASE07-p571-sen,ASE08-04639362,ASE09-3891a307,ASE10-p43-sridhara,CASCON10-p42-park,ESEC05-p166-sullivan,ESEC07-p395-goldsmith,ESEC07-p561-joshi,ESEC09-p203-long,FOAL07-p27-hofer,GECCO10-p965-fas,GPCE06-p181-weimer,GPCE09-p45-akai,ICSE02-p689-tarr,ICSE06-p242-bruntink,ICSE08-p91-hoffman,ICSE09-05070560,ICSE10-p165-wursch,ICSE10-p505-rastkar,ISSTA08-p283-kannan,ISSTA10-p159-jaygarl,IWPSE07-p4-schreck,KDD10-p613-lou,MSR06-p179-jiang,MSR08-p79-hill,PASTE10-p73-rubio-gonzalez,PASTE10-p81-feng,POPL07-p47-godefroid,PPPJ07-p63-hoffman,SIGDOC05-p68-desouza,SIGDOC06-p11-novick,SOSP07-p145,VMIL07-a4-rajan,,,,,,,,,,,,,,,,,,,,,,,,,,,,,,,,,,,,,,,,,,,,,,,,,,,,,,,,,,,,,,,,,,,,,,,,,,,,,,,,,,,,,,,,,,,,,,,,,,,,,,,,,,,,,,,,,,,,,,,,,,,,,,,,,,,,,,,,,,,,,,,,,,,,,,,,,,,,,,,,,,,,,,,,,,,,,,,,,,,,,,,,,,,,,,,,,,,,,,,,,,,,
R44,AOSD05-p159-kersten,ASE07-p14-hill,CASCON07-p229-safer,CASCON10-p174-li,CHI07-p557-cherubini,CHI07-p1313-bieh,CHI08-p1323-lawrance,CHI09-p1569-ko,CHI10-p2503-bragdon,CSCW04-p72-gutwin,CSCW06-p353-cataldo,eclipse06-p65-coblenz,ESEC07-p351-ye,GROUP03-p105-desouza,ICSE02-p503-mockus,ICSE07-28280344,ICSE07-28280529,ICSE08-p241-desouza,ICSE10-p165-wursch,ICSE10-p175-fritz,ICSE10-p455-bragdon,ITiCSE09-p385-costa-soria,MSR07-29500018,MSR08-p23-holmes,SIGDOC09-p127-berman,SIGSOFT06-p1-kersten,SIGSOFT06-p23-sillito,SoftVis05-p183-deline,SUITE09-05070023,,,,,,,,,,,,,,,,,,,,,,,,,,,,,,,,,,,,,,,,,,,,,,,,,,,,,,,,,,,,,,,,,,,,,,,,,,,,,,,,,,,,,,,,,,,,,,,,,,,,,,,,,,,,,,,,,,,,,,,,,,,,,,,,,,,,,,,,,,,,,,,,,,,,,,,,,,,,,,,,,,,,,,,,,,,,,,,,,,,,,,,,,,,,,,,,,,,,,,,,,,,,,,,,,,,,
R45,AAMAS03-p789-ogston,AAMAS09-p1203-dusparic,ACMSE06-p566-kirtane,ACMSE06-p702-holliday,ANSS03-19110109,ASE07-p449-mirandola,ASE09-3891a409,ASPLOS08-p189-shen,ASPLOS10-p103-shen,CASCON07-p152-munawar,CASCON08-a18-jiang,CASCON09-p12-reidemeister,CASCON10-p199-huang,CIKM05-p187-coman,DMSN04-p17-kumar,DMSN04-p104-coman,EMSOFT05-p335-oberthuer,ESEC07-p245-payton,GRID04-22560163,GRID06-04100475,GRID06-04100484,GRID06-04100485,GRID06-04100490,GRID08-04662802,GRID08-04662805,HPDC08-p23-ramakrishnan,HPDC08-p87-sotomayor,HPDC08-p221-drost,HPDC08-p239-shrinivas,HPDC09-p187-vanreeuwijk,HRI10-p189-tanaka,ICAC09-p13-jiang,ICAC09-p23-diao,ICAC09-p33-zhao,ICAC09-p63-dusparic,ICAC09-p65-rehak,ICAC09-p179-ben-yehuda,ICAC10-p73-anthony,ICAC10-p79-hoffmann,ICAC10-p109-stehle,ICAC10-p119-kang,ICAC10-p141-kutare,ICAC10-p151-quiroz,IMC04-p219-veitch,JCDL07-p195-fallen,KDD03-p426-sahoo,KDD05-p750-chen,KDD05-p801-powers,MAI09-p19-fox,MineNet06-p311-huang,MobileHCI08-p549-montgomerymasters,OSDI06-p89-joukov,OSDI06-p117-verbowski,PODC10-p173-tan,SAC04-p431-barbuti,SAC05-p563-gao,SAC06-p786-meyer,SAC07-p104-zhang,SAC10-p391-malkowski,SAC10-p1680-malkowski,SC07-a34-van_nieuwpoort,SC08-a52-buneci,SEAMS08-p73-munawar,SEAMS08-p89-fritsch,SIGCOMM04-p379-yalagandula,SIGCOMM10-p303-mahimkar,SIGMETRICS06-p3-thereska,SIGMETRICS08-p253-thereska,SIGMETRICS08-p277-traeger,SIGMETRICS09-p85-shen,SIGMETRICS10-p1-thereska,SIGMOD03-p563-olston,SIGMOD03-p659-chin,SIGMOD04-p11-jain,SIGMOD06-p289-keralapura,SIGMOD06-p766-duan,SIGMOD07-p485-huebsch,SIGMOD10-p267-stern,SOSP05-p105-cohen,SOSP07-p131-tucek,UPGRADE07-p81-montella,UPGRADE08-p21-montella,ValueTools09-a13-calcavecchia,VLDB04-p192-zhu,VLDB05-p13-cormode,VLDB06-p535-shivam,VLDB07-p711-duan,VLDB07-p962-jain,WI06-274700991,WODA07-29630003,WWW05-p54-gupta,WWW07-p321-gupta,WWW09-p281-al-qudah,,,,,,,,,,,,,,,,,,,,,,,,,,,,,,,,,,,,,,,,,,,,,,,,,,,,,,,,,,,,,,,,,,,,,,,,,,,,,,,,,,,,,,,,,,,,,,,,,,,,,,,,,,,,,,,,,,,,,,,,,,,,,,,,,,,,,,,,,,,,,,,,,,,,
R46,CIKM06-p812-metzler,CIKM07-p361,CIKM09-p1903,CIKM10-p1079,ICIS09-p620-agrawal,SAC06-p1031-savoy,SAC07-p872-savoy,SIGIR00-p379-aslam,SIGIR04-p490-mayfield,SIGIR04-p554-sigurbjornsson,SIGIR05-p613-huang,SIGIR06-p723-zhong,SIGIR06-p728-huang,SIGIR08-p371,SIGIR08-p783,SIGIR09-p75,SIGIR09-p307,SIGIR09-p688,SIGIR09-p822,SIGIR10-p775,SIGIR10-p815,SIGIR10-p825,SIGIR10-p877,SIGIR10-p918,WWW09-p1149-juffinger,,,,,,,,,,,,,,,,,,,,,,,,,,,,,,,,,,,,,,,,,,,,,,,,,,,,,,,,,,,,,,,,,,,,,,,,,,,,,,,,,,,,,,,,,,,,,,,,,,,,,,,,,,,,,,,,,,,,,,,,,,,,,,,,,,,,,,,,,,,,,,,,,,,,,,,,,,,,,,,,,,,,,,,,,,,,,,,,,,,,,,,,,,,,,,,,,,,,,,,,,,,,,,,,,,,,,,,,
R47,CIKM09-p2105,DocEng03-p140-scheffczyk,DocEng03-p193-brun,DocEng03-p203-chidlovskii,DocEng03-p212-simske,DocEng03-p222-kuo,DocEng04-p45-deandrade,DocEng04-p115-quint,DocEng04-p137-scheffczyk,DocEng04-p229-dymetman,DocEng04-p239-kilpelainen,DocEng05-p1-malloy,DocEng05-p23-whiting,DocEng05-p26-cheng,DocEng05-p42-liu,DocEng05-p55-kenjii,DocEng05-p58-kuo,DocEng05-p61-macdonald,DocEng05-p101-boukottaya,DocEng05-p146-beaudoux,DocEng05-p168-quint,DocEng06-p2-moore,DocEng06-p53-kuo,DocEng06-p92-pimentel,DocEng07-p44-bagley,DocEng07-p56-macdonald,DocEng08-p76-lumley,DocEng08-p86-ollis,DocEng08-p217-lumley,DocEng09-p139-boyer,ICEC05-p681-xu,iiWAS08-p399-kapitsaki,SAC04-p1670-bochicchio,SAC08-p1452-bracher,SAC09-p675-prazeres,SIGCSE00-p387-brown,SIGDOC07-p9-clark,SIGDOC07-p142-marcoux,UIST05-p3-ko,WWW05-p215-cardone,,,,,,,,,,,,,,,,,,,,,,,,,,,,,,,,,,,,,,,,,,,,,,,,,,,,,,,,,,,,,,,,,,,,,,,,,,,,,,,,,,,,,,,,,,,,,,,,,,,,,,,,,,,,,,,,,,,,,,,,,,,,,,,,,,,,,,,,,,,,,,,,,,,,,,,,,,,,,,,,,,,,,,,,,,,,,,,,,,,,,,,,,,,,,,,,,,,,,,,,,
R48,AAMAS08-p1493-jiang,dgo06-p436-nelson,EDBT09-p708-mathioudakis,HT06-p135-jatowt,HT06-p145-harrison,HT06-p157-mccown,HT08-p5-jatowt,HT10-p3-klein,iiWAS10-p231-nadamoto,JCDL06-p95-arms,JCDL07-p39-mccown,JCDL07-p309-mccown,JCDL07-p477-hank,JCDL08-p211-capra,JCDL08-p371-mccown,JCDL08-p124-mccown,JCDL09-p251-mccown,PODC02-p223-aspnes,PODC04-p179-martel,PODC04-p189-gao,PODC06-p5-kleinberg,PODC06-p188-abraham,PODC07-p89-slivkins,PODC07-p99-giakkoupis,PODC09-p240-fraigniaud,PODC09-p300-dietzfelbinger,SAICSIT-p376-koschmoder,SODA02-p329-coppersmith,SODA04-p550-abraham,SODA05-p311-nguye,SPAA04-p25-hildrum,SPAA06-p225-duchon,SPAA07-p1-fraigniaud,SPAA08-p62-fraigniaud,STOC04-p54-manku,STOC09-p591-dietzfelbinger,STOC10-p389-fraigniau,StorageSS-p73-traeger,WIDM06-p43-nelson,WIDM06-p67-mccown,WIDM07-p137-jatowt,WIDM08-p39-klein,WWW04-p328-baryossef,WWW04-p422-dyreson,WWW06-p877-jatowt,WWW07-p1197-mccown,WWW07-p1283-chau,WWW08-p1221-jatowt,,,,,,,,,,,,,,,,,,,,,,,,,,,,,,,,,,,,,,,,,,,,,,,,,,,,,,,,,,,,,,,,,,,,,,,,,,,,,,,,,,,,,,,,,,,,,,,,,,,,,,,,,,,,,,,,,,,,,,,,,,,,,,,,,,,,,,,,,,,,,,,,,,,,,,,,,,,,,,,,,,,,,,,,,,,,,,,,,,,,,,,,,,,,,,,,,
R49,CHI07-p1253-lampe,CHI08-p865-harper,CHI09-p955-otterbacher,CHI10-p305-hsieh,CHI10-p325-jeon,CHI10-p329-dearman,CHI10-p547-dow,CIKM05-p617-esuli,CIKM06-p43-zhuang,CIKM06-p51-zhang,CIKM10-p369,CSCW08-p535-hsieh,CSCW10-p225-gilbert,EC07-p134-talwar,EC07-p182-scaffidi,EC08-p246-yang,EC09-p119-dipalantino,EC10-p209-horton,EC10-p357-goel,ICAIL07-p231-conrad,ICEC07-p303-ghose,ICEC07-p311-lee,IIiX10-p305-liu,ICUIMC08-p230-lee,KCAP05-p11-carenini,KDD04-p168-hu,KDD09-p209-chen,KDD09-p707-provost,KDD09-p1195-jin,SIGCOMM10-p387-choffnes,SIGIR07-p607-liu,SIGIR10-p146,WSDM08-p219-jindal,WSDM08-p231-ding,WWW05-p342-liu,WWW07-p171-mei,WWW09-p131-lu,WWW09-p141-danescu,WWW09-p191-cao,WWW09-p231-evendar,WWW09-p261-yan,WWW10-p691-lu,WWW10-p1217-yu,WWW10-p1173-rey,,,,,,,,,,,,,,,,,,,,,,,,,,,,,,,,,,,,,,,,,,,,,,,,,,,,,,,,,,,,,,,,,,,,,,,,,,,,,,,,,,,,,,,,,,,,,,,,,,,,,,,,,,,,,,,,,,,,,,,,,,,,,,,,,,,,,,,,,,,,,,,,,,,,,,,,,,,,,,,,,,,,,,,,,,,,,,,,,,,,,,,,,,,,,,,,,,,,,
R50,CIKM09-p1713,CIVR09-a13-yanai,KDD10-p899-ge,LOCWEB09-a12-yanai,MM06-p599-jing,MM08-p419-hsieh,MM06-p599-jing,MM09-p105-ji,MM09-p125-cao,MM09-p785-desilva,MM09-p977-arslan,MM10-p123-gao,MM10-p133-arase,MM10-p143-lu,MM10-p1579-yin,RecSys09-p277-decarolis,SIGIR10-p851,WSDM10-p281-sizov,WWW06-p533-mei,WWW08-p297-kennedy,WWW08-p1025-wu,WWW09-p1173-yanai,WWW09-p1183-popescu,WWW10-p1029-zheng,WWW10-p1083-dechoudhury,WWW10-p1289-ren,,,,,,,,,,,,,,,,,,,,,,,,,,,,,,,,,,,,,,,,,,,,,,,,,,,,,,,,,,,,,,,,,,,,,,,,,,,,,,,,,,,,,,,,,,,,,,,,,,,,,,,,,,,,,,,,,,,,,,,,,,,,,,,,,,,,,,,,,,,,,,,,,,,,,,,,,,,,,,,,,,,,,,,,,,,,,,,,,,,,,,,,,,,,,,,,,,,,,,,,,,,,,,,,,,,,,,,
